Date,Open,High,Low,Close,Volume,ma5,ma10,ma20,ma30,ma60,ma_vol5,ma_vol10,ma_vol20,ma_vol30,ma_vol60,predict
2020-02-10,77.94083856057252,79.7691650390625,77.85897647273852,79.7691650390625,109348800,79.622998046875,79.01559219360351,78.55807418823242,77.07225799560547,71.99285265604655,117580320.0,146668200.0,137218140.0,136248120.0,118901373.33333333,0
2020-02-11,80.27771996676951,80.35214003964704,79.06461978390023,79.28788757324219,94323200,79.69815979003906,79.08188171386719,78.60025253295899,77.32443796793619,72.22342427571614,109121680.0,139877120.0,135857700.0,134516693.33333334,118761186.66666667,0
2020-02-12,79.74931528791934,81.17575807002741,79.74931528791934,81.1707992553711,113730400,80.02120971679688,79.17188262939453,78.7895393371582,77.62519200642903,72.49292602539063,108102400.0,129627240.0,133446500.0,133503893.33333333,119170313.33333333,0
2020-02-13,80.42408289518436,80.92767890022405,80.21569912455166,80.5927734375,94747600,80.04254302978515,79.21571273803711,78.96650657653808,77.88910649617513,72.7399247487386,105966800.0,126427680.0,132087700.0,133301960.0,119079333.33333333,0
2020-02-14,80.56052350054969,80.86814413223347,80.0916619018292,80.61262512207031,80113600,80.28665008544922,79.61692352294922,79.09620628356933,78.09841028849284,72.98172696431477,98452720.0,114480200.0,130651920.0,131456400.0,118969506.66666667,0
2020-02-18,78.23356221208705,79.3226239195438,78.04750445465262,79.13656616210938,152531200,80.16013031005859,79.8915641784668,79.10891609191894,78.28260116577148,73.2022694905599,107089200.0,112334760.0,131387660.0,131663346.66666667,120242240.0,0
2020-02-19,79.38464672144906,80.51836052441013,79.38464672144906,80.28268432617188,93984000,80.35908966064453,80.0286247253418,79.20566024780274,78.48544413248698,73.45470085144044,107021360.0,108071520.0,130544700.0,130849906.66666667,120038066.66666667,0
2020-02-20,80.03709200778144,80.53820487420776,78.94058822314524,79.45906829833984,100566000,80.01674346923828,80.01897659301758,79.24724044799805,78.67246500651042,73.69827245076497,104388480.0,106245440.0,130481380.0,130573040.0,119690913.33333333,0
2020-02-21,79.04229800485112,79.49628318590105,77.02791383660515,77.66050720214844,129554000,79.43029022216797,79.73641662597656,79.17995986938476,78.75993576049805,73.91281700134277,111349760.0,108658280.0,131735480.0,130488866.66666667,120761393.33333333,0
2020-02-24,73.74337677664373,75.46006550121835,71.75131862538227,73.97160339355469,222195200,78.10208587646484,79.19436798095703,78.9396183013916,78.67131525675455,74.04694684346516,139766080.0,119109400.0,135518360.0,132225093.33333333,123064306.66666667,0
2020-02-25,74.65877601935713,75.05073434741071,70.98227307021308,71.46601867675781,230673600,76.56797637939454,78.36405334472656,78.68982276916503,78.49340057373047,74.14789657592773,155394560.0,131241880.0,138955040.0,135226053.33333334,125155406.66666667,0
2020-02-26,71.0815089092779,73.89718462701953,71.07406690143598,72.59973907470703,198054800,75.03138732910156,77.69523849487305,78.38856010437011,78.29858118693033,74.25309829711914,176208720.0,141615040.0,140746080.0,137776813.33333334,127369060.0,0
2020-02-27,69.73444708820585,70.95002288930027,67.71509664895453,67.85401916503906,320605600,72.7103775024414,76.36356048583984,77.7677215576172,77.98087972005209,74.2816385904948,220216640.0,162302560.0,145964900.0,143065186.66666666,131935526.66666667,0
2020-02-28,63.82029705972296,69.06712455737672,63.599504876349656,67.8143310546875,426884800,70.74114227294922,75.0857162475586,77.15071449279785,77.67290980021158,74.32226295471192,279682800.0,195516280.0,160971980.0,153230560.0,137475486.66666666,0
2020-03-02,70.02717882445936,74.78033529507726,68.89594825248955,74.12789154052734,341397200,70.77239990234375,74.4372428894043,77.02708320617675,77.54321848551432,74.48754132588705,303523200.0,221644640.0,168062420.0,160982826.66666666,141258266.66666666,0
2020-03-03,75.33354215020442,75.41540422499466,70.90040002271473,71.77363586425781,319475600,70.83392333984375,73.70094985961914,76.79625701904297,77.30626068115234,74.60413627624511,321283600.0,238339080.0,175336920.0,167038133.33333334,145463166.66666666,0
2020-03-04,73.53994689899162,75.26656070889756,72.71881263003313,75.10282897949219,219178400,71.33454132080078,73.18296432495117,76.60579452514648,77.19809494018554,74.76037851969402,325508320.0,250858520.0,179465020.0,170649306.66666666,147875733.33333334,0
2020-03-05,73.31171936414619,74.31146946745307,72.29212643004331,72.6667251586914,187572800,72.29708251953124,72.50373001098633,76.26135330200195,76.99940363566081,74.85485852559408,298901760.0,259559200.0,182902320.0,173507320.0,149234020.0,0
2020-03-06,69.95772465970889,72.14576595007878,69.76670806605833,71.70170593261719,226176800,73.07455749511719,71.9078498840332,75.82213325500489,76.75592320760092,74.94888788859049,258760160.0,269221480.0,188939880.0,177564146.66666666,150869593.33333334,0
2020-03-09,65.43030526806271,68.98772835026587,65.24424752796394,66.03065490722656,286744800,71.45511016845703,71.11375503540039,75.15406150817871,76.33099721272787,74.94196510314941,247829680.0,275676440.0,197392920.0,182237720.0,154141666.66666666,0
2020-03-10,68.75207350308885,71.05918691336672,66.82451008497111,70.78630065917969,285290000,71.25764312744141,71.04578323364258,74.70491828918458,76.14180959065756,75.00485738118489,240992560.0,281138080.0,206189980.0,186349386.66666666,157583886.66666666,0
2020-03-11,68.81409442520648,69.76422616648487,67.44222111285379,68.32785797119139,255598800,69.90264892578125,70.61859512329102,74.15691680908203,75.79857177734375,75.02392921447753,248276640.0,286892480.0,214253760.0,189461546.66666666,159555360.0,0
2020-03-12,63.49283374262304,66.98079607322374,61.523101578368475,61.58015823364258,418474000,67.68533554077149,69.99120903015137,73.17738475799561,75.17555071512858,74.91531899770101,294456880.0,296679320.0,229490940.0,196203040.0,164303466.66666666,0
2020-03-13,65.71312556970835,69.44172288360609,62.75108155502996,68.95796966552734,370732000,67.13658828735352,70.10557289123535,72.59564456939697,74.80233395894369,74.91024417877198,323367920.0,291064040.0,243290160.0,204336000.0,168345900.0,0
2020-03-16,60.022228515347386,64.27178488917372,59.53847912949118,60.08673095703125,322423600,65.94780349731445,68.70145683288574,71.56934986114501,74.25187441507975,74.75504678090414,330503680.0,289166680.0,255405660.0,208430506.66666666,171816986.66666666,0
2020-03-17,61.401538634748675,63.907114134028,59.141556949751966,62.72875213623047,324056000,64.3362937927246,67.79696846008301,70.74895915985107,73.79649416605632,74.64664681752522,338256880.0,289624720.0,263981900.0,213432853.33333334,175284113.33333334,0
2020-03-18,59.4814272966101,62.01925411510065,58.824020931777106,61.19315719604492,300233600,62.90935363769531,66.40600128173828,69.79448280334472,73.20586344401042,74.51149864196778,347183840.0,297730240.0,274294380.0,218886760.0,178648520.0,0
2020-03-19,61.371773929832536,62.72379293404048,60.18596607506216,60.72429275512695,271857200,62.738180541992186,65.21175804138184,68.85774402618408,72.57815488179524,74.37092838287353,317860480.0,306158680.0,282858940.0,223987773.33333334,178579840.0,0
2020-03-20,61.31967743628881,62.4732378777731,56.561561897172524,56.869178771972656,401693200,60.32042236328125,63.728505325317386,67.8181776046753,71.79092394510904,74.14729696909586,324052720.0,323710320.0,296465900.0,233863360.0,183631860.0,0
2020-03-23,56.5814086942201,56.68560059117353,52.7436567890046,55.66104125976562,336752800,59.43528442382812,62.69154396057129,66.90264949798583,70.99988899230956,73.90241629282633,326918560.0,328711120.0,302193780.0,241165653.33333334,188436426.66666666,0
2020-03-24,58.63548691777722,61.44620011978972,58.12444884202133,61.24525833129883,287531200,59.1385856628418,61.737439727783205,66.3916114807129,70.38242543538412,73.72734171549479,319613600.0,328935240.0,305036660.0,247105066.66666666,191676593.33333334,0
2020-03-25,62.20531300606654,64.0658906632769,60.605216977936614,60.90787124633789,303602000,59.08152847290039,60.99544105529785,65.80701808929443,69.7697582244873,73.54709809621176,320287280.0,333735560.0,310314020.0,254081026.66666666,194298860.0,0
2020-03-26,61.15595167937888,64.17256554570575,61.11625844532527,64.11302947998047,252087200,59.75927581787109,61.24872817993164,65.6199686050415,69.20116589864095,73.41317895253499,316333280.0,317096880.0,306888100.0,258692920.0,196098406.66666666,0
2020-03-27,62.70146742503597,63.475466523776255,61.28742915412396,61.45860290527344,204216800,60.67716064453125,60.49879150390625,65.3021821975708,68.5633602142334,73.22623335520426,276838000.0,300445360.0,295754700.0,262341893.33333334,197821926.66666666,0
2020-03-30,62.20283007612691,63.388637866343316,61.87040400999371,63.2125015258789,167976400,62.187452697753905,60.81136856079102,64.75641269683838,67.98335609436035,73.0408831914266,243082720.0,285000640.0,287083660.0,265270653.33333334,198363526.66666666,0
2020-03-31,63.40848779890307,65.11773452919971,62.51540901314474,63.08350372314453,197002000,62.555101776123045,60.84684371948242,64.32190608978271,67.44825401306153,72.8654275894165,224976880.0,272295240.0,280959980.0,266753013.33333334,199208180.0,0
2020-04-01,61.150990001886214,61.70172133028942,59.32266343910697,59.76424026489258,176218400,62.326375579833986,60.70395202636719,63.55497665405274,66.76430587768554,72.62487500508627,199500160.0,259893720.0,278811980.0,269494160.0,200172033.33333334,0
2020-04-02,59.622828724790544,60.81607855824528,58.76944318970685,60.76150131225586,165934000,61.656069946289065,60.707672882080075,62.95971546173096,66.14105364481608,72.40675932566324,182269520.0,249301400.0,277730040.0,271673093.3333333,201123066.66666666,0
2020-04-03,60.233102057705615,60.95252391165192,59.28296660353949,59.88827514648438,129880000,61.34200439453125,61.00958251953125,62.36904392242432,65.54864590962728,72.15429083506267,167402160.0,222120080.0,272915200.0,271683960.0,201086413.33333334,0
2020-04-06,62.24251739176921,65.27153542279238,61.86544307961198,65.11277008056639,201820400,61.72205810546875,61.95475540161133,62.32314968109131,65.253351465861,71.96233336130778,174170960.0,208626840.0,268668980.0,271004800.0,201614946.66666666,0
2020-04-07,67.17926216892421,67.40253757068295,64.25195600471568,64.35862731933594,202887200,61.97708282470703,62.26609230041504,62.00176601409912,65.01643842061361,71.75491949717204,175348000.0,200162440.0,264548840.0,270078586.6666667,202652320.0,0
2020-04-08,65.17975106423584,66.32834882972527,64.80515992791106,66.00585174560547,168895200,63.22540512084961,62.7758903503418,61.88566570281982,64.79664217631021,71.54761168162028,173883360.0,186691760.0,260213660.0,269106600.0,203441706.66666666,0
2020-04-09,66.65829497250378,66.99815926161297,65.66598694207251,66.48215484619139,162116400,64.36953582763672,63.01280288696289,62.13076553344727,64.75091336568197,71.36589654286702,173119840.0,177694680.0,247395780.0,263823626.66666666,203444406.66666666,0
2020-04-13,66.56153971646815,67.89867838949121,65.94630602683381,67.78704071044922,131022800,65.94928894042968,63.64564666748047,62.07221908569336,64.75000368754068,71.21145674387614,173348400.0,170375280.0,235410320.0,253961560.0,203596060.0,0
2020-04-14,69.46155529194283,71.50819040322328,68.9778021464476,71.21049499511719,194994800,67.16883392333985,64.4454460144043,62.62840728759765,64.65275713602702,71.09798781077068,171983280.0,173077120.0,229038880.0,249081480.0,205032153.33333334,0
2020-04-15,70.05694323877229,71.03188403114683,69.61784967452274,70.56053924560547,131154400,68.40921630859376,65.19314956665039,63.019996643066406,64.61232058207194,70.95929063161215,157636720.0,166492360.0,219393800.0,242804106.66666666,204921120.0,0
2020-04-16,71.29237430879502,71.49579927956846,70.04454721695318,71.12120056152344,157125200,69.43228607177734,66.32884559631347,63.51639881134033,64.47959963480632,70.83884728749594,155282720.0,164583040.0,212238380.0,240735666.66666666,205692486.66666666,0
2020-04-17,70.62504287757616,71.18569932926823,68.68259569657202,70.15617370605469,215250000,70.16708984375,67.26831283569337,63.98799285888672,64.39591458638509,70.69765911102294,165909440.0,169514640.0,209408020.0,241658240.0,207582780.0,0
2020-04-20,68.9530174904958,69.87834002046695,68.68013122762754,68.69997406005861,130015200,70.34967651367188,68.14948272705078,64.57953262329102,64.29585685729981,70.52589003245036,165707920.0,169528160.0,195824120.0,238452853.33333334,208008500.0,0
2020-04-21,68.53871363430203,68.77934862845447,65.8470766553496,66.57642364501953,180991600,69.42286224365235,68.2958480834961,65.12530174255372,64.31404914855958,70.32252318064371,162907280.0,167445280.0,188036060.0,234927746.66666666,208582733.33333334,0
2020-04-22,67.87634742486239,68.94059992309118,67.52656550116922,68.49406433105469,117057200,69.00956726074219,68.70939178466797,65.4877420425415,64.23764127095541,70.18972543080648,160087840.0,158862280.0,179512360.0,229319986.66666666,207834686.66666666,0
2020-04-23,68.43700622462066,69.89570031201096,68.18892920487971,68.22862243652344,124814400,68.4310516357422,68.93166885375976,65.85377960205078,64.23433341979981,70.01645259857177,153625680.0,154454200.0,170572980.0,224960506.66666666,207211026.66666666,0
2020-04-24,68.76694743435243,70.20827419882289,68.71732900606436,70.19834899902344,126508800,68.43948669433594,69.30328826904297,66.15804557800293,64.5216064453125,69.84857858022055,135877440.0,150893440.0,164294060.0,215228333.33333334,205715686.66666666,0
2020-04-27,69.90809871637057,70.58783487502922,69.44916230229377,70.24797058105469,117087600,68.74908599853515,69.54938125610352,66.59751396179199,64.56460647583008,69.68347021738688,133291920.0,149499920.0,159937600.0,206773520.0,205554760.0,0
2020-04-28,70.72179947151375,70.90785725214364,69.01503578993234,69.10929870605469,112004800,69.25566101074219,69.33926162719726,66.89235382080078,64.86535873413087,69.55861657460531,119494560.0,141200920.0,157139020.0,199759560.0,204095033.33333334,0
2020-04-29,70.63496518543096,71.86046614072518,70.4265814190789,71.37919616699219,137280800,69.83268737792969,69.42112731933594,67.30713844299316,65.15370686848958,69.47510051727295,123539280.0,141813560.0,154152960.0,193533720.0,203483286.66666666,0
2020-04-30,71.93241018163184,73.06612397341783,71.53300981569221,72.88502502441406,183064000,70.76396789550782,69.597509765625,67.96317768096924,65.54343579610189,69.37464962005615,135189200.0,144407440.0,154495240.0,189628066.66666666,204257413.33333334,0
2020-05-01,71.01205270508177,74.17503496530813,70.91282340321676,71.71163177490234,240616800,71.06662445068359,69.75305557250977,68.51068420410157,65.9096804300944,69.24391765594483,158010800.0,146944120.0,158229380.0,188586720.0,206287246.66666666,0
2020-05-04,71.73644000026822,72.85774548017467,71.02941893186016,72.72626495361328,133568000,71.56228332519531,70.15568466186524,69.152583694458,66.43824996948243,69.11458695729574,161306880.0,147299400.0,158413780.0,179649213.33333334,206756286.66666666,0
2020-05-05,73.19760983749623,74.67118804103934,73.04876210134546,73.81780242919922,147751200,72.50398406982421,70.8798225402832,69.58783531188965,67.04347534179688,69.02168216705323,168456160.0,143975360.0,155710320.0,173349160.0,207257406.66666666,0
2020-05-06,74.53721505738582,75.22686883081576,74.14277352657214,74.57939147949219,142333600,73.14402313232422,71.48835525512695,70.09887351989747,67.48794644673666,68.93518594106038,169466720.0,146503000.0,152682640.0,168509240.0,207807153.33333334,0
2020-05-07,75.22191667246426,75.70566990495905,74.91182038771376,75.35091400146484,115215200,73.63720092773437,72.2005844116211,70.56612663269043,67.96938120524088,68.8695697148641,155896960.0,145543080.0,149998640.0,162229680.0,208155353.33333334,0
2020-05-08,76.02751528971763,77.19911890901886,75.69170320766972,77.14439392089844,134048000,74.7237533569336,72.89518890380859,71.09923858642578,68.40376001993815,68.80246295928956,134583200.0,146297000.0,148595220.0,158295040.0,208493980.0,0
2020-05-11,76.63943058688929,78.86572557830294,76.42550288419241,78.35828399658203,145946400,75.85015716552735,73.70622024536132,71.62780075073242,68.96708272298177,68.76522146860758,137058880.0,149182880.0,149341400.0,156352693.33333334,209347293.33333334,0
2020-05-12,79.05975297714417,79.52242925490438,77.33841716052319,77.4627914428711,162301200,76.57915496826172,74.54156951904297,71.94041557312012,69.44209238688151,68.71272424062093,139968880.0,154212520.0,147706720.0,156163520.0,210717086.66666666,0
2020-05-13,77.64686490721482,78.59211403158874,75.42305207552775,76.52749633789062,200622400,76.96877593994141,75.05639953613282,72.23876342773437,69.89022547403971,68.66923974355062,151626640.0,160546680.0,151180120.0,156284200.0,211518606.66666666,0
2020-05-14,75.7464298776727,77.05982203052189,75.00515640234642,76.99763488769531,158929200,77.2981201171875,75.46766052246093,72.53258514404297,70.46467196146646,68.614488919576,160369440.0,158133200.0,151270320.0,155707893.33333334,212601026.66666666,0
2020-05-15,74.71162617716048,76.58967463451926,74.67679773747075,76.54241180419922,166348400,77.17772369384765,75.95073852539062,72.85189704895019,70.99070231119792,68.565877978007,166829520.0,150706360.0,148825240.0,155721706.66666666,213697400.0,0
2020-05-18,77.90059360544258,78.72892300977588,77.19165865725594,78.3458480834961,135372400,77.17523651123047,76.5126968383789,73.33419075012208,71.60595474243163,68.57730032602946,164714720.0,150886800.0,149093100.0,155904786.66666666,213794373.33333334,0
2020-05-19,78.36325827068575,79.23138831277136,77.86078891413023,77.89312744140625,101729600,77.2613037109375,76.92022933959962,73.9000259399414,72.03196665445964,68.64265906016031,152600400.0,146284640.0,145130000.0,152568426.66666666,211786613.33333334,0
2020-05-20,78.77369138425779,79.48013637676625,78.73389070410477,79.40800476074219,111504800,77.83740539550782,77.40309066772461,74.44572296142579,72.53361256917317,68.7750254948934,134776880.0,143201760.0,144852380.0,149522346.66666666,209800466.66666666,0
2020-05-21,79.26621326878627,79.82092526402447,78.57220269387265,78.81597900390625,102688800,78.20107421875,77.74959716796874,74.97509078979492,72.96061681111654,68.87862949371338,123528800.0,141949120.0,143746100.0,147315466.66666666,208211033.33333334,0
2020-05-22,78.54733102896209,79.4080065228639,78.4428608835452,79.32343292236328,81803200,78.75727844238281,77.96750106811524,75.43134498596191,73.3886594136556,69.06978638966878,106619760.0,136724640.0,141510820.0,144638360.0,204230993.33333334,0
2020-05-26,80.47015780245695,80.65422930456648,78.72891791183194,78.7861328125,125522000,78.8453353881836,78.01028594970703,75.85825309753417,73.75529581705729,69.25264975229899,104649680.0,134682200.0,141932540.0,144455000.0,199208280.0,0
2020-05-27,78.63937477643655,79.27865281749348,77.88068710045597,79.12940216064453,112945200,79.09259033203125,78.17694702148438,76.35925827026367,74.01925938924154,69.33600826263428,106892800.0,129746600.0,141979560.0,141720013.33333334,195400746.66666666,0
2020-05-28,78.79607973980681,80.45523599874981,78.51251032479688,79.16423034667969,133560800,79.04383544921875,78.44062042236328,76.74850997924804,74.30604909261068,69.45918483734131,111304000.0,123040440.0,141793560.0,141800226.66666666,192302166.66666666,0
2020-05-29,79.41298007186039,79.88560083125952,78.72145935875122,79.08712005615234,153598000,79.09806365966797,78.64956893920899,77.05861473083496,74.57157974243164,69.52558968861898,121485840.0,122507320.0,140320260.0,141682653.33333334,191209160.0,0
2020-06-01,79.03985231995695,80.18409717626783,78.90552597647266,80.05972290039062,80791200,79.24532165527344,79.00130004882813,77.47601928710938,74.90169804890951,69.6488063176473,121283440.0,113951600.0,132328980.0,137200693.33333334,189429466.66666666,0
2020-06-02,79.78609345571891,80.4552276293312,79.33336929528177,80.43035125732422,87642800,79.57416534423828,79.20975036621094,77.86122360229493,75.29271062215169,69.79428373972574,113707600.0,109178640.0,130032720.0,135788280.0,187120566.66666666,0
2020-06-03,80.75870858601407,81.14178349483085,80.17165803563998,80.87313079833984,104491200,79.92291107177735,79.5077507019043,78.21399002075195,75.76926752726237,70.04165833791097,112016800.0,109454800.0,127869720.0,133238266.66666667,184083006.66666666,0
2020-06-04,80.69154707082433,80.99750293385512,79.79356084351434,80.1766357421875,87560400,80.12539215087891,79.58461380004883,78.49385223388671,76.15868657430013,70.19816392262777,102816720.0,107060360.0,125131060.0,132255040.0,180787513.33333334,0
2020-06-05,80.43285232746754,82.52233881540427,80.4030037134005,82.46015167236328,137250400,80.7999984741211,79.94903106689453,78.84931411743165,76.63307088216146,70.43370215098064,99547200.0,110516520.0,126232820.0,132669573.33333333,178815040.0,0
2020-06-08,82.1492045613558,82.98251368074865,81.42037316790831,82.94768524169922,95654400,81.37759094238281,80.31145629882812,79.13947868347168,77.05804875691732,70.78982760111491,102519840.0,111901640.0,124313140.0,131641093.33333333,173434713.33333334,0
2020-06-09,82.61934480731529,85.96998039768185,82.587006282097,85.56700897216797,147712400,82.40492248535156,80.98954391479492,79.49991493225097,77.56868336995443,71.06664492289225,114533760.0,114120680.0,124401440.0,132661920.0,169717720.0,0
2020-06-10,86.53962176342648,88.24852314137503,86.08938748098484,87.76844024658203,166651600,83.783984375,81.85344772338867,80.01519737243652,78.19065475463867,71.52800674438477,126965840.0,119491320.0,124618960.0,134483480.0,167121520.0,0
2020-06-11,86.89036090154221,87.32567089163831,83.45017157708385,83.55464172363281,201662400,84.45958557128907,82.29248886108398,80.36655464172364,78.59650293986003,71.8751049041748,149786240.0,126301480.0,124670960.0,136629533.33333334,165081626.66666666,0
2020-06-12,85.7486034128022,86.51474563305841,83.13674354785056,84.27600860595703,200146000,84.82275695800782,82.81137771606446,80.73047332763672,78.97620239257813,72.25981909434,162365360.0,130956280.0,126731800.0,137198933.33333334,163413500.0,0
2020-06-15,82.89545181725471,85.98739437972746,82.72878695359177,85.3182601928711,138808800,85.29687194824218,83.3372314453125,81.16926574707031,79.42975667317708,72.66971855163574,170996240.0,136758040.0,125354820.0,133805333.33333333,161196026.66666666,0
2020-06-16,87.42516858368894,87.85799624907646,85.74860568373235,87.57939147949219,165428800,85.69934844970703,84.0521354675293,81.63094291687011,79.92486089070638,73.1815554300944,174539520.0,144536640.0,126857640.0,134867360.0,157258286.66666666,0
2020-06-17,88.3430485283659,88.40523566763565,87.33312999392145,87.45750427246094,114406400,85.63716125488281,84.7105728149414,82.10916175842286,80.3795176188151,73.711496480306,164090480.0,145528160.0,127491480.0,133755866.66666667,153552513.33333334,0
2020-06-18,87.41273109857464,87.92018027906954,86.86797115286764,87.4923324584961,96820400,86.42469940185546,85.44214248657227,82.51337814331055,80.8099489847819,74.14894771575928,143122080.0,146454160.0,126757260.0,132238760.0,150374000.0,0
2020-06-19,88.21619398683002,88.69378697650335,85.85556496299229,86.99234771728516,264476000,86.9679672241211,85.89536209106446,82.9221965789795,81.19799677530925,74.58368899027506,155988080.0,159176720.0,134846620.0,137214120.0,149721900.0,0
2020-06-22,87.39531811795248,89.4151552096007,87.34805528427864,89.26839447021484,135445200,87.75799407958985,86.52743301391601,83.41944465637206,81.60213012695313,75.00294507344564,155315360.0,163155800.0,137528720.0,137260693.33333334,147777866.66666666,0
2020-06-23,90.54447171235395,92.6289857647199,90.11413399033844,91.1738052368164,212155600,88.47687683105468,87.08811264038086,84.0388282775879,82.02931416829428,75.49819844563802,164660720.0,169600120.0,141860400.0,139467666.66666666,147910180.0,0
2020-06-24,90.79322586211777,91.7359850452368,89.18133243452681,89.56440734863281,192623200,88.89825744628907,87.26770935058593,84.56057853698731,82.432701365153,75.93739687601725,180304080.0,172197280.0,145844300.0,140478400.0,148320960.0,0
2020-06-25,89.72361048585219,90.79322627951291,88.94502626234211,90.75342559814452,137522400,89.55047607421875,87.9875877380371,85.14003829956054,82.90689900716146,76.39856224060058,188444480.0,165783280.0,146042380.0,138375066.66666666,147329633.33333334,0
2020-06-26,90.64645961499977,90.87282170544168,87.81320999926973,87.96495056152344,205256800,89.7449966430664,88.35648193359376,85.5839298248291,83.27247619628906,76.86857407887777,176600640.0,166294360.0,148625320.0,139919320.0,147813606.66666666,0
2020-06-29,87.87043119407173,90.08927174934965,87.3803962139839,89.99225616455078,130646000,89.8897689819336,88.82388153076172,86.0805564880371,83.72080434163412,77.35575332641602,175640800.0,165478080.0,151118060.0,138729240.0,147225473.33333334,0
2020-06-30,89.56937576265702,91.03699830058987,89.54947921851574,90.74346923828124,140223200,89.80370178222657,89.14028930664062,86.59621238708496,84.13405838012696,77.8700065612793,161254320.0,162957520.0,153747080.0,138890933.33333334,147397860.0,0
2020-07-01,90.82307686434623,91.38027123319128,90.52209321951875,90.57183837890624,110737200,90.00518798828125,89.45172271728515,87.08114776611328,84.55668207804362,78.29432436625163,144877120.0,162590600.0,154059380.0,139191186.66666666,145879806.66666666,0
2020-07-02,91.50216319477907,92.15388323502545,90.45493383830387,90.57183837890624,114041600,89.9688705444336,89.75967330932617,87.60090789794921,84.92880986531576,78.73121121724446,140180960.0,164312720.0,155383440.0,139275746.66666666,144399046.66666666,0
2020-07-06,92.03696830865681,93.47473469912771,92.00462978087471,92.9946517944336,118655600,90.97481079101563,90.35990371704102,88.12763290405273,85.40143229166667,79.1810245513916,122860720.0,149730680.0,154453700.0,139807973.33333334,143561720.0,0
2020-07-07,93.38268915856115,94.18116983655874,92.59167063302324,92.70609283447266,112424400,91.517578125,90.7036735534668,88.61555328369141,85.84752095540365,79.61809018452962,119216400.0,147428600.0,155292200.0,140828680.0,142733520.0,0
2020-07-08,93.70855512262,94.89757290145936,93.61900169617846,94.865234375,117092000,92.34193115234375,91.07281646728515,89.08046455383301,86.38349100748698,80.06939341227213,114590160.0,137922240.0,153761180.0,140547680.0,142501340.0,0
2020-07-09,95.78063498255068,95.83535997225049,94.19859770229004,95.273193359375,125642800,93.2822021484375,91.64369506835938,89.45570220947266,86.92161738077799,80.47043838500977,117571280.0,131224200.0,151710740.0,140970933.33333334,141345473.33333334,0
2020-07-10,94.85777152573569,95.49954703837831,94.23092791005985,95.4398422241211,90257200,94.25580291748047,92.11233673095703,90.04996223449707,87.46413777669271,80.8850934346517,112814400.0,126497680.0,146140480.0,139527480.0,140663853.33333334,0
2020-07-13,96.77810806919369,99.45464483590769,94.78065756147026,94.9995574951172,191649200,94.65678405761719,92.8157974243164,90.58613967895508,87.99455235799154,81.28306605021159,127413120.0,125136920.0,145715640.0,140795853.33333334,141239253.33333334,0
2020-07-14,94.36524919037632,96.76816116832286,93.40757331634556,96.5716552734375,170989200,95.42989654541016,93.47373733520507,91.1488094329834,88.54495010375976,81.72332407633463,139126080.0,129171240.0,147324660.0,143802453.33333334,140501573.33333334,0
2020-07-15,98.49447641617088,98.75068712600378,96.00699084839366,97.23580932617188,153198000,95.90401153564453,94.12297134399414,91.63163032531739,89.10513203938802,82.19892133076986,146347280.0,130468720.0,146713120.0,145987626.66666666,140887953.33333334,0
2020-07-16,96.07913020890105,96.91741163198871,95.42492028893784,96.0393295288086,110577600,96.05723876953125,94.66972045898437,92.06072158813477,89.61067199707031,82.68996976216634,143334240.0,130452760.0,146521680.0,146190506.66666666,139714386.66666666,0
2020-07-17,96.50199855254118,96.66119366976388,95.3602360805086,95.84529876708984,92186800,96.138330078125,95.19706649780274,92.47836990356446,90.13296076456706,83.1458236694336,143720160.0,128267280.0,146290000.0,146344720.0,139299880.0,0
2020-07-20,95.93485918465349,98.00693132144691,95.58163289407608,97.86514282226562,90318000,96.7114471435547,95.68411560058594,93.02200965881347,90.6464604695638,83.63976567586263,123453920.0,125433520.0,137582100.0,144780306.66666666,138724940.0,0
2020-07-21,98.67606806361056,98.75317951084412,96.25823172760622,96.51444244384766,103646000,96.70000457763672,96.06495056152343,93.38431205749512,91.09868570963542,84.07836723327637,109985280.0,124555680.0,135992140.0,145046693.33333334,138343893.33333334,0
2020-07-22,96.20846980428759,97.48455102538375,96.11892397392442,96.78556823730469,89001600,96.60995635986328,96.25698394775391,93.66490020751954,91.47263768513997,84.52066052754721,97146000.0,121746640.0,129834440.0,143089666.66666666,137875793.33333334,0
2020-07-23,96.51194335975416,96.59154471424029,91.54941455410757,92.38023376464844,197004400,95.87813720703124,95.96768798828126,93.80569152832031,91.6263641357422,84.90850944519043,114431360.0,128882800.0,130053500.0,144101426.66666666,139292453.33333334,0
2020-07-24,90.53203460511492,92.50460871491808,88.69875147988277,92.15138244628906,185438800,95.1393539428711,95.63884201049805,93.87558937072754,91.91292215983073,85.25471254984538,133081760.0,138400960.0,132449320.0,143560640.0,140095086.66666666,0
2020-07-27,93.24090373280693,94.42992147471723,93.01205932239245,94.33539581298828,121214000,94.43340454101562,95.57242584228516,94.19411163330078,92.24823506673177,85.61221872965494,139260960.0,131357440.0,128247180.0,140929573.33333334,139064253.33333334,0
2020-07-28,93.89512205160885,94.07671123866643,92.7807257366872,92.78570556640624,103625600,93.68765716552734,95.19383087158204,94.33378410339355,92.49714991251628,85.96345329284668,139256880.0,124621080.0,126896160.0,139756800.0,136781066.66666666,0
2020-07-29,93.2807037369824,94.7532984534396,93.24339297372823,94.56424713134766,90329200,93.24339294433594,94.9266746520996,94.52482299804687,92.72997843424479,86.32741966247559,139522400.0,118334200.0,124401460.0,137253480.0,136060420.0,0
2020-07-30,93.71601774645187,95.81545615011193,93.29812199750052,95.70849609375,158130000,93.90904541015625,94.89359130859376,94.78165588378906,93.00501149495443,86.69226455688477,131747520.0,123089440.0,126771100.0,138710933.33333334,136233400.0,0
2020-07-31,102.36998287255275,105.88231126904994,100.32028960887862,105.72808837890624,374336800,96.62438659667968,95.88187026977539,95.53946838378906,93.61287002563476,87.21140950520834,169527120.0,151304440.0,139785860.0,147961480.0,140100120.0,0
2020-08-03,107.658370132534,111.07866271819474,107.35241427233231,108.39218139648438,308151200,99.43574371337891,96.93457412719727,96.3093448638916,94.32619781494141,87.76209729512533,206914560.0,173087760.0,149260640.0,149417320.0,143315720.0,0
2020-08-04,108.58620744901044,110.23541159902584,107.84493401518776,109.11604309082031,173071600,102.70181121826172,98.19473419189453,97.12984237670898,94.98778610229492,88.29495811462402,220803760.0,180030320.0,152293000.0,150671533.33333334,143966113.33333334,0
2020-08-05,108.8299822945154,109.83990081650356,108.35238173068487,109.51155090332031,121992000,105.69127197265625,99.46733245849609,97.862158203125,95.59904429117839,88.81417922973633,227136320.0,183329360.0,152538000.0,147666080.0,143566873.33333334,0
2020-08-06,109.85233883989576,113.83977798888438,109.24788165555212,113.33232879638672,202428800,109.21603851318359,101.56254196166992,98.76511497497559,96.39130833943685,89.41200485229493,235996080.0,183871800.0,156377300.0,147992933.33333334,144235666.66666666,0
2020-08-07,112.8414163311887,113.30990802823118,109.93827205693898,110.7556381225586,198045600,110.22154846191407,103.42296752929687,99.53090476989746,97.05804875691732,89.98247388203939,200737840.0,185132480.0,161766720.0,150010373.33333334,144192720.0,0
2020-08-10,112.23835506302125,113.40958429490827,109.64670714245058,112.36544799804688,212403600,111.01620178222656,105.22597274780273,100.39919929504394,97.8713986714681,90.57193743387857,181588320.0,194251440.0,162804440.0,150248600.0,145083960.0,0
2020-08-11,111.61037100961164,112.12122189744775,108.75706187198736,109.0237045288086,187902400,110.99773406982422,106.84977264404297,101.0218017578125,98.50578028361002,91.11329231262206,184554480.0,202679120.0,163650100.0,152157146.66666666,145443193.33333334,0
2020-08-12,110.14260630066369,112.91118959645279,109.94325169428544,112.64704132080078,165944800,111.62483215332031,108.65805206298828,101.79236335754395,99.23589935302735,91.68497886657715,193345040.0,210240680.0,164287440.0,153014533.33333334,145952733.33333334,0
2020-08-13,114.06247077652884,115.66979474513559,113.56158228675189,114.64060974121094,210082000,111.88648834228516,110.55126342773437,102.72242736816406,100.03819173177084,92.29743690490723,194875680.0,215435880.0,169262660.0,156326026.66666666,147758606.66666666,0
2020-08-14,114.4611940397687,114.63064621334509,112.68192340254448,114.53844451904295,165565200,112.64304962158204,111.43229904174805,103.65708465576172,100.83707860310872,92.88294423421225,188379600.0,194558720.0,172931580.0,158043480.0,148659613.33333334,0
2020-08-17,115.68973143941679,115.71465266560531,113.59647772271887,114.2394027709961,119561600,113.01784057617188,112.01702117919922,104.47579765319824,101.54523696899415,93.4733346303304,169811200.0,175699760.0,174393760.0,158073680.0,148940826.66666666,0
2020-08-18,113.98522476323116,115.6274324275791,113.64133161379769,115.19133758544922,105633600,114.2513671875,112.6245506286621,105.40964241027832,102.29474512736003,94.07113304138184,153357440.0,168955960.0,174493140.0,157847320.0,149338000.0,0
2020-08-19,115.60998711506392,116.78619751086369,115.23868593920298,115.33586883544922,145538000,114.78913269042968,113.206982421875,106.33715744018555,102.977099609375,94.68029530843098,149276080.0,171310560.0,177319960.0,158795520.0,149671600.0,0
2020-08-20,115.37823460682995,118.01224926093279,115.36078898808717,117.89512634277344,126907200,115.44003601074219,113.66326217651367,107.6129020690918,103.73116404215494,95.32639071146647,132641120.0,163758400.0,173815100.0,158837666.66666666,149904300.0,0
2020-08-21,118.87944905195587,124.46645023050577,118.86699224147586,123.97055053710938,338054800,117.32645721435547,114.98475341796875,109.20386047363282,104.68218765258788,96.0731627146403,167139040.0,177759320.0,181445900.0,167097586.66666666,153312533.33333334,0
2020-08-24,128.28414481650628,128.3713729105021,123.53943842590691,125.4532699584961,345937600,119.56923065185546,116.29353561401368,110.7597541809082,105.69731140136719,96.84593187967936,212414240.0,191112720.0,192682080.0,172240533.33333334,156518193.33333334,0
2020-08-25,124.2970021966633,124.77795069152378,122.65728130278193,124.42408752441406,211495600,121.41578063964843,117.83357391357421,112.3416732788086,106.62572580973307,97.58533795674641,233586640.0,193472040.0,198075580.0,173590746.66666666,158696600.0,0
2020-08-26,125.77473590042507,126.58462631627494,124.68075719605274,126.11613464355469,163022400,123.57183380126953,119.18048324584962,113.91926765441895,107.5884033203125,98.34676767985026,237083520.0,193179800.0,201710240.0,173918226.66666666,159952926.66666666,0
2020-08-27,126.73414819642664,127.07554694529018,123.43477401403985,124.6084976196289,155552400,124.91450805664063,120.17727203369141,115.3642677307129,108.54070892333985,99.07569046020508,242812560.0,187726840.0,201581360.0,175417386.66666666,160803946.66666666,0
2020-08-28,125.60777073674316,126.03638996941685,124.17738209503834,124.40664672851562,187630000,125.00172729492188,121.16409225463867,116.29819564819336,109.49275385538736,99.81285730997722,212727600.0,189933320.0,192246020.0,178598826.66666666,162471773.33333334,0
2020-08-31,127.17024698629628,130.57926098218408,125.59531972332209,128.62554931640622,225702700,125.63618316650391,122.60270690917969,117.30986404418945,110.51810073852539,100.5822806040446,188680620.0,200547430.0,188123595.0,183111650.0,163945978.33333334,0
2020-09-01,132.33360122115192,134.3670577475269,130.11076770545884,133.74903869628906,152470100,127.50117340087891,124.45847702026367,118.5415138244629,111.7592539469401,101.42896982828776,176875520.0,205231080.0,187093520.0,184739120.0,164892906.66666666,0
2020-09-02,137.14808783736126,137.53683463561444,126.5921042149794,130.97796630859378,200119000,128.47353973388672,126.02268676757812,119.61483459472656,112.89900054931641,102.18581911722819,184294840.0,210689180.0,190999870.0,188443033.33333334,165766350.0,0
2020-09-03,126.5023917461942,128.42618563551594,120.11297585335709,120.49175262451172,257599600,127.65019073486329,126.28234939575195,119.97280578613281,113.83605117797852,102.73120765686035,204704280.0,223758420.0,193758410.0,190462873.33333334,167282150.0,0
2020-09-04,119.6843617744082,123.30270029046059,110.53384557213992,120.57150268554688,332607200,126.88316192626954,125.9424446105957,120.46359901428222,114.78338851928712,103.34815533955891,233699720.0,223213660.0,200486490.0,195368486.66666666,169464563.33333334,0
2020-09-08,113.58401720738465,118.60783086289983,112.31809948537807,112.45764923095705,231366600,123.64958190917969,124.6428825378418,120.46820907592773,115.3874636332194,103.81784934997559,234832500.0,211756560.0,201434640.0,199040240.0,169984906.66666666,0
2020-09-09,116.88338666977863,118.75734575135942,114.88981026622395,116.94319152832031,176940500,120.28841247558594,123.89479293823243,120.86418342590332,116.19271316528321,104.34493153889974,239726580.0,208301050.0,200886545.0,201484070.0,170620435.0,0
2020-09-10,119.97343389851444,120.11298364456499,112.13867767646109,113.12549591064452,182274400,116.7179183959961,122.59572906494141,120.8881061553955,116.81142145792643,104.77069994608561,236157660.0,210226250.0,201703025.0,204548910.0,170901195.0,0
2020-09-11,114.20202712225156,114.85991100391142,109.64670521872385,111.6402816772461,180860300,114.94762420654297,121.29890747070313,120.73808975219727,117.3424809773763,105.17374623616537,220809800.0,212757040.0,200241940.0,205306586.66666666,172008760.0,0
2020-09-14,114.35154285842235,115.5576556608493,112.43771135068157,114.98948669433594,140150100,113.83122100830079,120.35719146728516,120.76064186096191,117.6511942545573,105.63203214009603,182318380.0,208009050.0,198971185.0,197500363.33333334,172730921.66666666,0
2020-09-15,117.94995491238771,118.44834903512587,113.24511317695692,115.16891479492188,184642000,114.37347412109375,119.01152801513672,120.8071174621582,117.87708536783855,106.10164159138998,172973460.0,203902980.0,202225205.0,193383390.0,171400355.0,0
2020-09-16,114.8599088506584,115.62743242664898,111.68015202536058,111.76985931396484,154679000,113.33880767822265,116.8136100769043,120.63604354858398,117.96554590861003,106.47666600545247,168521160.0,204123870.0,204677475.0,192770303.33333334,171720918.33333334,0
2020-09-17,109.36760711906044,111.83963770025645,108.36084886536273,109.98561096191406,178011000,112.71083068847656,114.71437454223633,120.36853065490723,117.98134791056314,106.79019610087077,167668480.0,201913070.0,206301125.0,194637603.33333334,171151841.66666666,0
2020-09-18,110.04542027077996,110.52387435443171,105.74925790007352,106.4968490600586,287104900,111.68214416503906,113.31488418579102,119.79861679077149,117.75349858601888,107.07240346272786,188917400.0,204863600.0,214311010.0,197460140.0,172726536.66666666,0
2020-09-21,104.20424045921452,109.83609537065031,102.76886300224086,109.72644805908205,195713800,110.62953643798828,112.23037872314453,119.08641166687012,117.71919225056966,107.3886205037435,200030140.0,191174260.0,207193960.0,197382413.33333334,173696393.33333334,0
2020-09-22,112.31809039669544,112.49751257004841,108.80939941265898,111.4508819580078,183055400,109.88592987060547,112.12970199584962,118.3862922668457,117.68870671590169,107.7800526936849,199712820.0,186343140.0,199049850.0,196404140.0,173326370.0,0
2020-09-23,111.2615100701913,111.74993419590956,106.42708084918578,106.77596282958984,150718700,108.88715057373047,111.11297912597657,117.50388603210449,117.6137819925944,108.05978113810221,198920760.0,183720960.0,196011005.0,195164683.33333334,173660915.0,0
2020-09-24,104.8322141832726,109.89590011344688,104.66276201280657,107.87242126464844,167743300,108.46451263427734,110.58767166137696,116.59170036315918,117.45462799072266,108.345263671875,196867220.0,182267850.0,196247050.0,195224633.33333334,174119583.33333334,0
2020-09-25,108.08173969201212,112.07886231335907,107.32417856665708,111.91937255859376,149981400,109.54901733398438,110.61558074951172,115.95724411010742,117.36392008463541,108.70105590820313,169442520.0,179179960.0,195968500.0,193221280.0,174773653.33333334,0
2020-09-28,114.64060935710569,114.94961125569107,112.41776839580879,114.59076690673828,137672400,110.52188110351562,110.57570877075196,115.46645011901856,117.36566416422527,109.10137138366699,157834240.0,178932190.0,193470620.0,192291520.0,175167500.0,0
2020-09-29,114.18209342055985,114.93964699076314,113.20523762071063,113.72356414794922,99382200,110.9764175415039,110.4311737060547,114.7213508605957,117.34846954345703,109.44685325622558,141099600.0,170406210.0,187154595.0,191618873.33333334,174846276.66666666,0
2020-09-30,113.42453282244287,116.88338917348322,113.2550806496847,115.43804168701172,142675200,112.70883331298828,110.79799194335938,113.80580101013183,117.35669301350912,109.82571907043457,139490900.0,169205830.0,186664850.0,192853593.33333334,175350456.66666666,0
2020-10-01,117.26216254802887,117.34190742873226,115.45797835023437,116.4148941040039,116120400,114.41732788085938,111.44092025756837,113.07764739990235,117.39266052246094,110.18488006591797,129166320.0,163016770.0,182464920.0,191873006.66666666,175334263.33333334,0
2020-10-02,112.52742557458176,114.99946379480384,111.85957926845438,112.6570053100586,144712000,114.56485443115234,112.05693588256835,112.68591003417968,117.2180564880371,110.47461026509603,128112440.0,148777480.0,176820540.0,192466500.0,175652083.33333334,0
2020-10-05,113.54414621642252,116.27534372388094,113.18530186012691,116.12582397460938,106243800,114.87186584472656,112.69687347412109,112.46362609863282,116.95656560262044,110.81937662760417,121826720.0,139830480.0,165502370.0,184739466.66666666,175918526.66666666,0
2020-10-06,115.32838986079244,115.7470466778397,111.88947366753264,112.79655456542969,161498200,114.68646392822265,112.83144073486328,112.48057136535644,116.53467508951823,111.11599324544271,134249920.0,137674760.0,162008950.0,178591486.66666666,175416010.0,0
2020-10-07,114.25186652297177,115.1788798556113,113.76343482816294,114.71038818359376,96849000,114.54093322753906,113.62488327026367,112.36893119812012,116.21088511149088,111.41830546061198,125084680.0,132287790.0,158004375.0,174769933.33333334,174180340.0,0
2020-10-08,115.87662618183613,116.02614593014559,114.22195414902129,114.60073852539062,83477200,114.1781021118164,114.29771499633789,112.44269332885742,115.82703857421875,111.70772094726563,118556040.0,123861180.0,153064515.0,172118426.66666666,173018326.66666666,0
2020-10-09,114.90974011824221,116.62421700379845,114.55089576522393,116.59431457519531,100506900,114.96556396484375,114.76520919799805,112.69039497375488,115.5598991394043,112.05030403137206,109715020.0,118913730.0,149046845.0,170283576.66666666,172850481.66666666,0
2020-10-12,119.67439287590292,124.77795136898987,118.89689927058494,124.00045776367188,240226800,116.54049072265624,115.7061782836914,113.14094352722168,115.54635950724284,112.51955668131511,136511620.0,129169170.0,154050680.0,172036803.33333334,175317815.0,0
2020-10-13,124.86764910172168,124.98726641834172,119.26570452559238,120.71104431152344,262330500,118.123388671875,116.40492630004883,113.41805000305176,115.28254267374675,112.90032170613607,156678080.0,145464000.0,157935105.0,173257730.0,178184690.0,0
2020-10-14,120.61137379713806,122.63485265315052,119.23580880068336,120.80076599121094,151062300,119.34146423339844,116.94119873046876,113.86959533691406,114.85093358357747,113.30509376525879,167520740.0,146302710.0,157754270.0,173210803.33333334,178974961.66666666,0
2020-10-15,118.33869736582486,120.81072786491656,117.770528391003,120.32230377197266,112559200,120.48577728271485,117.33193969726562,114.386429977417,114.49574483235678,113.69737269083659,173337140.0,145946590.0,154481680.0,170292143.33333334,179367588.33333334,0
2020-10-16,120.89046924610744,121.15960631342932,118.42840122487794,118.63772583007812,115393800,120.8944595336914,117.93001174926758,114.99347381591797,114.43394393920899,114.13499755859375,176314520.0,143014770.0,145896125.0,165551950.0,178007411.66666666,0
2020-10-19,119.57471092516373,120.03323258214479,115.28852625083285,115.60749816894531,120639300,119.21586761474609,117.87817916870117,115.28752632141114,114.26847712198894,114.52593282063802,152397020.0,144454320.0,142142400.0,158486353.33333334,176927420.0,0
2020-10-20,115.82679344798979,118.59787121511756,115.2586244406599,117.1325912475586,124423700,118.50017700195312,118.31178283691406,115.57161178588868,114.42430852254232,114.90588607788087,124815660.0,140746870.0,139210815.0,154921590.0,176980915.0,0
2020-10-21,116.29528195441523,118.32873087343364,116.07598732517445,116.49464416503906,89946000,117.63895263671876,118.49020843505859,116.05754585266114,114.40935694376627,115.30103505452475,112592400.0,140056570.0,136172180.0,152021773.33333334,176752921.66666666,0
2020-10-22,117.07277177180087,117.66088076797968,114.22195689378559,115.37823486328124,101988000,116.65013885498047,118.56795806884766,116.43283653259277,114.4844482421875,115.64793485005697,110478160.0,141907650.0,132884415.0,149345560.0,176947235.0,0
2020-10-23,116.01617953471693,116.17566929918844,113.91295579631488,114.67051696777344,82572600,115.85669708251953,118.37557830810547,116.57039375305176,114.58545608520508,115.96396853129069,103913920.0,140114220.0,129513975.0,146069303.33333334,175687945.0,0
2020-10-26,113.64382791750471,116.1756709272924,112.51745235358852,114.68048858642578,111850700,115.67129516601562,117.44358139038086,116.57487983703614,114.57515614827474,116.11317520141601,102156200.0,127276610.0,128222890.0,145125990.0,171313176.66666666,0
2020-10-27,115.1190740661014,116.90332596483336,114.1721282606623,116.22550964355469,92276800,115.48987884521485,116.99502792358399,116.69997711181641,114.6103759765625,116.24373067220053,95726820.0,110271240.0,127867620.0,142047150.0,167715270.0,0
2020-10-28,114.68049055616363,115.05926735126171,110.74317242798695,110.84284973144531,143937800,114.3595199584961,115.99923629760742,116.47021751403808,114.57947565714518,116.2725107828776,106525180.0,109558790.0,127930750.0,141689110.0,167229706.66666666,0
2020-10-29,112.00909331617943,116.55444509670714,111.83963354163905,114.94961547851562,146129200,114.27379608154297,115.46196746826172,116.39695358276367,114.74494247436523,116.36314519246419,115353420.0,112915790.0,129431190.0,140626383.33333334,167631993.33333334,0
2020-10-30,110.70329164826492,111.63030494990429,107.37402281316912,108.51036071777344,190272600,113.04176483154296,114.44923095703125,116.18962135314942,114.8120595296224,116.28277905782063,136893420.0,120403670.0,131709220.0,137398640.0,167429390.0,0
2020-11-02,108.75956625545084,110.32452349928823,106.97531438045687,108.420654296875,122866900,111.78979797363282,113.73054656982421,115.80436286926269,114.76853307088216,116.24386266072591,139096660.0,120626430.0,132540375.0,134970410.0,166176411.66666666,0
2020-11-03,109.30779543806835,111.13191202723308,108.38078212673629,110.08528900146484,107624400,110.56175384521484,113.02581634521485,115.66879959106446,114.72301330566407,116.20586001078287,142166180.0,118946500.0,129846685.0,132456043.33333333,164430091.66666666,0
2020-11-04,113.77340689234913,115.21874677028137,111.9891550648654,114.58080291748048,138235500,111.30934448242188,112.83443222045898,115.66232032775879,114.98317464192708,116.29847831726075,141025720.0,123775450.0,131916010.0,132039936.66666667,163602310.0,0
2020-11-05,117.5711643746384,119.2358064374048,116.49463890543673,118.64769744873048,126387100,112.04896087646485,113.1613784790039,115.86466827392579,115.34235051472982,116.39848925272624,137077300.0,126215360.0,134061505.0,130661396.66666667,162943015.0,0
2020-11-06,118.14345825807109,119.02214249610826,115.95672344832893,118.51290893554688,114457900,114.04947052001953,113.54561767578124,115.96059799194336,115.56213506062825,116.46302757263183,121914360.0,129403890.0,134759055.0,129477280.0,161349280.0,0
2020-11-09,120.32020192446754,121.80797656210882,115.87684481761472,116.1464385986328,154515300,115.5946273803711,113.69221267700195,115.56789703369141,115.6139907836914,116.48982747395833,128244040.0,133670350.0,130473480.0,130038710.0,161165115.0,0
2020-11-10,115.37759504795174,117.41454453347052,113.9597079891932,115.79696655273438,138023400,116.736962890625,113.64935836791992,115.32219314575195,115.68310419718425,116.51578687032064,134323840.0,138245010.0,124258125.0,131326750.0,161472811.66666666,0
2020-11-11,117.01514294945322,119.45149703918226,116.26626202630476,119.31170654296876,112295000,117.68314361572266,114.49624404907226,115.24774017333985,115.81222635904948,116.5844596862793,129135740.0,135080730.0,122319760.0,130314076.66666667,161583835.0,0
2020-11-12,119.44151928129743,120.35015752065344,118.39308292556818,119.0321273803711,103162300,117.76002960205078,114.90449523925781,115.18323135375977,115.89946746826172,116.64606399536133,124490780.0,130784040.0,121849915.0,129882140.0,160877573.33333334,0
2020-11-13,119.26178586467934,119.49143841530626,117.69412876835943,119.0820541381836,81581900,117.87385864257813,115.96166458129883,115.20544776916503,116.11363576253255,116.66584612528483,117915580.0,119914970.0,120159320.0,127777803.33333333,160122151.66666666,0
2020-11-16,118.74256047617813,120.80947157383169,117.97371272673674,120.1205062866211,91183000,118.66867218017578,117.13164978027343,115.43109817504883,116.24679183959961,116.60167872111002,105249120.0,116746580.0,118686505.0,127275776.66666667,156007621.66666666,0
2020-11-17,119.3716255815181,120.48994958293324,118.78250194390611,119.21186065673828,74271000,119.35165100097656,118.04430694580078,115.53506164550781,116.46063537597657,116.49765523274739,92498640.0,113411240.0,116178870.0,124368203.33333333,151479845.0,0
2020-11-18,118.43302589161148,119.6412195697394,117.82393544638843,117.85388946533205,76322100,119.06008758544922,118.37161560058594,115.60302391052247,116.5654187520345,116.38815193176269,85304060.0,107219900.0,115497675.0,123683973.33333333,149226953.33333334,0
2020-11-19,117.41454578657738,118.88235368699276,116.63571080709437,118.46298217773438,74113000,118.94625854492188,118.35314407348633,115.75726127624512,116.69416020711263,116.26059939066569,79494200.0,101992490.0,114103925.0,123371833.33333333,147745130.0,0
2020-11-20,118.46298034997207,118.59278363854617,117.11499616643327,117.1649169921875,73604300,118.56283111572266,118.2183448791504,115.88198127746583,116.71318028767904,116.13653971354167,77898680.0,97907130.0,113655510.0,122475080.0,146379328.33333334,0
2020-11-23,117.005155495721,117.44450140749056,113.58027310954357,113.68012237548828,127959300,117.27475433349609,117.97171325683594,115.83196296691895,116.36916910807291,115.95776430765788,85253940.0,95251530.0,114460940.0,118732830.0,145384816.66666666,0
2020-11-24,113.74003921014095,115.67713936721066,112.4220014611504,114.99815368652344,113874200,116.43201293945313,117.89183197021484,115.77059516906738,116.17873942057291,115.73064104715984,93174580.0,92836610.0,115540810.0,113784286.66666667,143521008.33333334,0
2020-11-25,115.37759302382496,116.57579947875776,114.99815513928793,115.85687255859376,76499200,116.03260955810546,117.54634857177734,116.0212963104248,116.01394297281901,115.43243827819825,93210000.0,89257030.0,112168880.0,111298850.0,142254826.66666666,0
2020-11-27,116.39606407797457,117.31468950565338,116.04658784114136,116.41603088378906,46691300,115.6232192993164,117.28473892211915,116.09461708068848,115.88373387654623,115.1897393544515,87725660.0,83609930.0,107196985.0,109103253.33333333,139697698.33333334,0
2020-11-30,116.79546961050283,120.78950118754385,116.63570469077608,118.87236785888672,169410200,115.96470947265625,117.26377029418946,116.61271743774414,115.89155527750651,115.16274960835774,106886840.0,92392760.0,106153865.0,110903800.0,138227875.0,0
2020-12-01,120.82944808681563,123.28577670778593,119.8309401457052,122.53689575195312,128166800,117.73606414794922,117.50540924072266,117.31852951049805,116.1225351969401,115.19550615946451,106928340.0,96091140.0,106418860.0,111154716.66666667,134820535.0,0
2020-12-02,121.83793111661059,123.18592288166764,120.7096199273665,122.89635467529295,89004200,119.31570434570312,117.87385864257813,117.95908279418946,116.31466064453124,115.36948458353679,101954340.0,97564460.0,105487850.0,109974066.66666667,132447828.33333333,0
2020-12-03,123.33569772574728,123.5953119238826,122.02765475862292,122.7565689086914,78967600,120.69564361572266,118.36412658691407,118.36787109375,116.52339146931966,115.46637420654297,102448020.0,97829010.0,102524455.0,109608120.0,130814946.66666667,0
2020-12-04,122.41707269315071,122.67668689223262,121.3386822828208,122.06759643554688,78260400,121.82595672607422,118.7245880126953,118.53886604309082,116.74637018839518,115.61540921529134,108761840.0,98243750.0,100118120.0,108817200.0,129081380.0,0
2020-12-07,122.12749957084809,124.38412957192692,122.06759153423887,123.56535339355469,86712000,122.76455383300781,119.36463165283203,118.7914882659912,117.04286473592123,115.81416041056315,92222200.0,99554520.0,98730825.0,108955180.0,127512241.66666667,0
2020-12-08,124.1844326372224,124.79352307729602,122.90633610168369,124.19441223144531,82225500,123.09605712890625,120.41606063842774,119.19388694763184,117.35999552408855,115.96757583618164,83033940.0,94981140.0,95116335.0,107967673.33333333,126546831.66666667,0
2020-12-09,124.34418618418465,125.76206555808129,120.81945455529612,121.5982894897461,115089200,122.83644409179688,121.07607421875,119.48395309448242,117.53908818562826,116.07473208109538,88250940.0,95102640.0,93969625.0,108728086.66666667,125387618.33333333,0
2020-12-10,120.32020462303923,123.68517906327952,119.9707283738774,123.05611419677734,81312200,122.89635314941407,121.79599838256836,119.67117347717286,117.94619700113932,116.26283632914225,88719860.0,95583940.0,92420485.0,106640566.66666667,124164838.33333333,0
2020-12-11,122.24732276314924,122.57683219917648,120.37013064961869,122.22735595703124,86939800,122.92830505371094,122.37713088989258,119.83093490600587,118.18878835042318,116.4668654123942,90455740.0,99608790.0,91609360.0,104667586.66666667,122646985.0,0
2020-12-14,122.41706565391279,123.16594657057784,121.35864972945623,121.5982894897461,79184500,122.53489227294922,122.64972305297852,119.95674667358398,118.62505264282227,116.71855608622234,88950240.0,90586220.0,91489490.0,100964650.0,119181645.0,0
2020-12-15,124.15446725515407,127.7091605200563,123.94478151263628,127.6891860961914,157572300,123.23384704589844,123.16495208740234,120.3351806640625,119.26733703613282,117.01793505350749,104019600.0,93526770.0,94808955.0,102121496.66666667,118545953.33333333,0
2020-12-16,127.21989614432093,128.17845520329686,126.37115832858332,127.61929321289062,98208600,124.43804779052735,123.6372459411621,120.75555229187012,119.85180384318033,117.2874085744222,100643480.0,94447210.0,96005835.0,101807636.66666667,117131840.0,0
2020-12-17,128.7076636228698,129.386656925025,127.84894621003981,128.50796508789062,94359800,125.52841796875,124.21238555908204,121.28825607299805,120.31604258219402,117.64960861206055,103253000.0,95986430.0,96907720.0,100345113.33333333,116192525.0,0
2020-12-18,128.76758717751528,128.90737767590872,125.93182074293928,126.47101593017578,192541500,126.37714996337891,124.65272750854493,121.68865776062012,120.57681986490886,117.95958518981934,124373340.0,107414540.0,102829145.0,102550260.0,116605828.33333333,0
2020-12-21,124.83345627606444,128.11854823306757,123.26579915304579,128.03866577148438,121251600,127.66522521972657,125.1000587463379,122.23234519958496,120.89434509277343,118.22824007670084,132786760.0,110868500.0,105211510.0,102776716.66666667,116126998.33333333,0
2020-12-22,131.41362613831498,134.20945132274937,129.4565439384045,131.6832275390625,168904800,128.4640335083008,125.84894027709962,123.13250045776367,121.41223805745443,118.51311442057292,135053260.0,119536430.0,107258785.0,103256366.66666667,116647538.33333333,0
2020-12-23,131.96280910651205,132.23239527240779,130.58486331451405,130.76460266113278,88223700,129.0930953979492,126.76557159423828,123.92082290649414,121.91115926106771,118.79713172912598,133056280.0,116849880.0,105976260.0,101596376.66666667,116461563.33333333,0
2020-12-24,131.12406251826343,133.26086877859598,130.90438956510596,131.77308654785156,54930100,129.7461196899414,127.6372688293457,124.71663360595703,122.3265385945638,119.06938247680664,125170340.0,114211670.0,104897805.0,99684213.33333333,114999145.0,0
2020-12-28,133.79008506196828,137.13507753676635,133.31079027833763,136.48605346679688,124486200,131.74912719726564,129.06313858032226,125.72013473510742,122.908336130778,119.40390179951986,111559280.0,117966310.0,108787550.0,100395010.0,115138575.0,0
2020-12-29,137.8440254076047,138.58291153881558,134.1395542129394,134.66876220703122,121047300,133.075146484375,130.37018585205078,126.50995445251465,123.42789306640626,119.7707644144694,111518420.0,122152590.0,106369405.0,101710523.33333333,114744163.33333333,0
2020-12-30,135.37770259402348,135.7870944887121,133.20094745437814,133.52047729492188,96452100,133.44259643554688,130.95331497192382,127.05913352966309,123.87455876668294,120.06067530314128,97027880.0,116040570.0,104783670.0,101886160.0,114580968.33333333,0
2020-12-31,133.8799450664103,134.5389639567753,131.52346574245658,132.49201965332028,98990400,133.78807983398437,131.4405876159668,127.53891677856446,124.31723073323568,120.38893305460611,99181220.0,116118750.0,105282980.0,102710140.0,113539171.66666667,0
2021-01-04,133.32078727623104,133.41064933611437,126.57087132392056,129.2169189453125,143301900,133.27684631347657,131.511483001709,127.8619342803955,124.69599838256836,120.63070856730143,116855580.0,121012960.0,108499695.0,104942800.0,114313386.66666667,0
2021-01-05,128.69768229308588,131.54343589523126,128.23836195640877,130.81451416015622,97664900,132.14253845214844,131.94583282470703,128.29928016662598,125.10771611531575,120.9009381612142,111491320.0,111525300.0,109469920.0,105727863.33333333,114549848.33333333,0
2021-01-06,127.52943391794884,130.85446715002885,126.19142933164775,126.41110229492188,155088000,130.49100646972656,131.78307647705077,128.44156761169432,125.41592229207357,121.0645512898763,118299460.0,114908940.0,112888720.0,108443986.66666667,115459533.33333333,0
2021-01-07,128.1684773121065,131.4336024789227,127.6692233517502,130.72465515136722,109578200,129.9318420410156,131.68721923828124,128.76807975769043,125.98407338460287,121.17662124633789,120924680.0,108976280.0,114256355.0,107831283.33333333,113282056.66666667,0
2021-01-08,132.23238893590212,132.43210269724648,130.03567468530198,131.85296630859378,104965400,129.8040313720703,131.79605560302736,129.28081359863282,126.54590047200521,121.36231994628906,122119680.0,110650450.0,113750165.0,107534323.33333333,110659305.0,0
2021-01-11,128.99724525446183,129.9757787851119,128.30827232715944,128.78755187988278,100620900,129.71815795898436,131.49750213623048,129.5673854827881,126.97692311604818,121.4954330444336,113583480.0,115219530.0,114715600.0,108338380.0,109818615.0,0
2021-01-12,128.3082631908852,129.49649001150578,126.67071086932951,128.60781860351562,91951100,129.27681884765624,130.70967864990234,129.88640861511232,127.38331604003906,121.63352495829264,112440720.0,111966020.0,114966165.0,109847040.0,109475146.66666667,0
2021-01-13,128.56787538526225,131.25386415061908,128.29828921451022,130.6947021484375,88636800,130.13353881835937,130.31227264404296,130.3412292480469,127.77739384969075,121.83447456359863,99150480.0,108724970.0,115438780.0,107154593.33333333,109029196.66666667,0
2021-01-14,130.60484608799663,130.80454463565573,128.56788128821532,128.71766662597656,90221800,129.73214111328124,129.83199157714844,130.39265327453614,127.98341954549154,122.05297737121582,95279200.0,108101940.0,112071255.0,105889760.0,108522238.33333333,0
2021-01-15,128.58784685019256,130.0257006718624,126.8105039973011,126.9502944946289,111235300,128.7516067504883,129.2778190612793,130.35920333862305,128.11855087280273,122.21660575866699,96533180.0,109326430.0,112722590.0,106630796.66666667,108302431.66666667,0
2021-01-19,127.58933852545866,128.51795879724472,126.75059554424776,127.63926696777344,90757300,128.5219497680664,129.12005386352538,130.31576843261718,128.28130747477215,122.4023494720459,94560460.0,104071970.0,112542465.0,107023786.66666667,108315953.33333333,0
2021-01-20,128.46802591508452,132.2923128767027,128.35818944019658,131.83299255371094,104319500,129.16698455810547,129.22190170288087,130.58386726379393,128.60682067871093,122.67659543355306,97034140.0,104737430.0,108131365.0,107892423.33333333,108354811.66666667,0
2021-01-21,133.60036015215695,139.46159665335708,133.39066678917416,136.665771484375,120529500,130.36119842529297,130.24736862182618,131.01522254943848,129.0435012817383,123.04318300882976,103412680.0,101281580.0,108095260.0,109019673.33333333,108987426.66666667,0
2021-01-22,136.07665743674738,139.64133800657282,134.81854294882046,138.86250305175778,113907200,132.39016571044922,131.06115341186523,131.37418632507325,129.53243764241537,123.44621658325195,108149760.0,101714480.0,105345380.0,110075730.0,109021701.66666667,0
2021-01-25,142.85654192822568,144.87351704847038,136.3362708967877,142.70675659179688,157611700,135.5414581298828,132.14653244018555,131.97129402160644,130.2360532124837,123.88757069905598,117425040.0,106979110.0,108814780.0,111493146.66666667,110110616.66666667,0
2021-01-26,143.3857417916391,144.08469428056338,141.15905818517976,142.94639587402344,98390600,138.6028839111328,133.56241683959962,132.52995948791505,130.89906260172526,124.4226298014323,118951700.0,106756080.0,110987805.0,112062426.66666667,109351496.66666667,0
2021-01-27,143.21598874322638,144.08470102500132,140.20050568757023,141.84803771972656,140843800,140.60589294433595,134.8864387512207,132.7980587005615,131.55308532714844,124.87093683878581,126256560.0,111645350.0,111805685.0,113859226.66666667,109263406.66666667,0
2021-01-28,139.3118345305578,141.77815040506778,136.49603477642844,136.88545227050778,142621100,140.6498291015625,135.50551376342773,132.90889320373535,132.0626574198405,125.34385503133139,130674880.0,117043780.0,112884375.0,115973780.0,108469215.0,0
2021-01-29,135.62732794190708,136.53597377453215,130.01571849984316,131.76310729980472,177180600,139.22994995117188,135.81005783081054,132.8210247039795,132.19845479329427,125.73289591471354,143329560.0,125739660.0,116920800.0,116627390.0,109374443.33333333,0
2021-02-01,133.5504323797557,135.17800514148072,130.73463277255206,133.93984985351562,106239800,137.47656860351563,136.5090133666992,132.89341621398927,132.40914001464844,126.13047192891439,133055180.0,125240110.0,117283270.0,116895096.66666667,109351366.66666667,0
2021-02-02,135.52747558658223,136.10661200795388,134.40915159277307,134.78858947753906,83305400,135.84500732421876,137.22394561767578,133.1719997406006,132.61849416097004,126.46726837158204,130038140.0,124494920.0,114283445.0,116526616.66666667,108435865.0,0
2021-02-03,135.55743463846935,135.56742946908486,133.410648627211,133.74015808105472,89880900,134.2234313964844,137.41466217041017,133.31828193664552,132.86079889933268,126.71880938212077,119845560.0,123051060.0,113894245.0,113104596.66666667,107827428.33333333,0
2021-02-04,136.09662762179565,137.19497715246507,134.38917243648962,137.18499755859378,84183100,134.28334045410156,137.46658477783203,133.8569766998291,133.16567662556966,127.03001085917155,108157960.0,119416420.0,110349000.0,111868980.0,107322848.33333333,0
2021-02-05,137.35000610351562,137.41999816894528,135.86000061035156,136.75999450683594,75524000,135.2827178955078,137.25633392333984,134.15874366760255,133.33490219116212,127.37357012430827,87826640.0,115578100.0,108646290.0,108756286.66666667,106006326.66666667,0
2021-02-08,136.02999877929688,136.94999694824222,134.92999267578122,136.91000366210938,68005611,135.87674865722656,136.6766586303711,134.4115955352783,133.53974889119465,127.72545407613119,80179802.2,106617491.1,106798300.55,108082350.36666666,104839363.51666667,0
