Date,Open,High,Low,Close,Volume,sgn,ma5,ma10,ma20,ma30,ma60,ma_vol5,ma_vol10,ma_vol20,ma_vol30,ma_vol60,Pre1Close,Pre2Close,Pre3Close,Pre4Close,Pre5Close,Pre1ma5,Pre2ma5,Pre3ma5,Pre4ma5,Pre5ma5,Pre1ma10,Pre2ma10,Pre3ma10,Pre4ma10,Pre5ma10,Pre1ma20,Pre2ma20,Pre3ma20,Pre4ma20,Pre5ma20,Pre1ma30,Pre2ma30,Pre3ma30,Pre4ma30,Pre5ma30,Pre1ma60,Pre2ma60,Pre3ma60,Pre4ma60,Pre5ma60,Pre1ma_vol5,Pre2ma_vol5,Pre3ma_vol5,Pre4ma_vol5,Pre5ma_vol5,Pre1ma_vol10,Pre2ma_vol10,Pre3ma_vol10,Pre4ma_vol10,Pre5ma_vol10,Pre1ma_vol20,Pre2ma_vol20,Pre3ma_vol20,Pre4ma_vol20,Pre5ma_vol20,Pre1ma_vol30,Pre2ma_vol30,Pre3ma_vol30,Pre4ma_vol30,Pre5ma_vol30,Pre1ma_vol60,Pre2ma_vol60,Pre3ma_vol60,Pre4ma_vol60,Pre5ma_vol60
2020-12-29,33.169998168945305,33.59000015258789,32.31999969482422,32.68000030517578,1296700,1,33.64400100708008,33.52700004577637,32.97099990844727,32.59133313496908,31.015833314259847,1274080.0,1694060.0,1776490.0,1988036.6666666667,3077190.0,33.380001068115234,33.970001220703125,34.150001525878906,34.040000915527344,34.169998168945305,33.94200057983399,34.04800033569336,33.954000091552736,33.66199951171875,33.40999908447266,33.484000015258786,33.263999938964844,33.057999801635745,32.838999557495114,32.634999465942386,32.995499801635745,33.030999755859376,33.015499687194826,32.94599952697754,32.833999443054196,32.45433311462402,32.292999776204425,32.12766640981038,31.931333033243813,31.747999699910483,31.05449997584025,31.064833291371663,31.015333271026613,30.954499912261962,30.93716656366984,1429880.0,1867980.0,1933260.0,2143920.0,2114040.0,1812150.0,1885630.0,1969810.0,2132630.0,2094760.0,1882245.0,1847365.0,1973905.0,2007275.0,1998285.0,2003623.3333333333,2026776.6666666667,2099733.3333333335,2164340.0,2206223.3333333335,3056638.3333333335,3035565.0,3023053.3333333335,3006885.0,2979346.6666666665
2020-12-30,32.650001525878906,32.99499893188477,32.650001525878906,32.860000610351555,409900,1,33.40800094604492,33.535000228881835,32.96399993896485,32.71633313496908,30.992666657765707,995500.0,1569710.0,1688895.0,1949290.0,3064486.6666666665,32.68000030517578,33.380001068115234,33.970001220703125,34.150001525878906,34.040000915527344,33.64400100708008,33.94200057983399,34.04800033569336,33.954000091552736,33.66199951171875,33.52700004577637,33.484000015258786,33.263999938964844,33.057999801635745,32.838999557495114,32.97099990844727,32.995499801635745,33.030999755859376,33.015499687194826,32.94599952697754,32.59133313496908,32.45433311462402,32.292999776204425,32.12766640981038,31.931333033243813,31.015833314259847,31.05449997584025,31.064833291371663,31.015333271026613,30.954499912261962,1274080.0,1429880.0,1867980.0,1933260.0,2143920.0,1694060.0,1812150.0,1885630.0,1969810.0,2132630.0,1776490.0,1882245.0,1847365.0,1973905.0,2007275.0,1988036.6666666667,2003623.3333333333,2026776.6666666667,2099733.3333333335,2164340.0,3077190.0,3056638.3333333335,3035565.0,3023053.3333333335,3006885.0
2020-12-31,33.049999237060554,33.5,32.845001220703125,33.400001525878906,944800,0,33.25800094604492,33.60600051879883,32.9795000076294,32.808333206176755,30.966000016530355,946400.0,1439830.0,1676545.0,1836476.6666666667,3079526.6666666665,32.860000610351555,32.68000030517578,33.380001068115234,33.970001220703125,34.150001525878906,33.40800094604492,33.64400100708008,33.94200057983399,34.04800033569336,33.954000091552736,33.535000228881835,33.52700004577637,33.484000015258786,33.263999938964844,33.057999801635745,32.96399993896485,32.97099990844727,32.995499801635745,33.030999755859376,33.015499687194826,32.71633313496908,32.59133313496908,32.45433311462402,32.292999776204425,32.12766640981038,30.992666657765707,31.015833314259847,31.05449997584025,31.064833291371663,31.015333271026613,995500.0,1274080.0,1429880.0,1867980.0,1933260.0,1569710.0,1694060.0,1812150.0,1885630.0,1969810.0,1688895.0,1776490.0,1882245.0,1847365.0,1973905.0,1949290.0,1988036.6666666667,2003623.3333333333,2026776.6666666667,2099733.3333333335,3064486.6666666665,3077190.0,3056638.3333333335,3035565.0,3023053.3333333335
2021-01-04,33.59999847412109,34.0,32.61999893188477,33.209999084472656,1886100,0,33.10600051879883,33.57700042724609,32.98099994659424,32.87566649119059,30.948666667938234,1169100.0,1518540.0,1713515.0,1765726.6666666667,3110528.3333333335,33.400001525878906,32.860000610351555,32.68000030517578,33.380001068115234,33.970001220703125,33.25800094604492,33.40800094604492,33.64400100708008,33.94200057983399,34.04800033569336,33.60600051879883,33.535000228881835,33.52700004577637,33.484000015258786,33.263999938964844,32.9795000076294,32.96399993896485,32.97099990844727,32.995499801635745,33.030999755859376,32.808333206176755,32.71633313496908,32.59133313496908,32.45433311462402,32.292999776204425,30.966000016530355,30.992666657765707,31.015833314259847,31.05449997584025,31.064833291371663,946400.0,995500.0,1274080.0,1429880.0,1867980.0,1439830.0,1569710.0,1694060.0,1812150.0,1885630.0,1676545.0,1688895.0,1776490.0,1882245.0,1847365.0,1836476.6666666667,1949290.0,1988036.6666666667,2003623.3333333333,2026776.6666666667,3079526.6666666665,3064486.6666666665,3077190.0,3056638.3333333335,3035565.0
2021-01-05,33.330001831054695,33.330001831054695,32.299999237060554,33.049999237060554,2234800,1,33.04000015258789,33.49100036621094,32.97999992370605,32.95333315531413,30.941166655222574,1354460.0,1392170.0,1757350.0,1792276.6666666667,3144558.3333333335,33.209999084472656,33.400001525878906,32.860000610351555,32.68000030517578,33.380001068115234,33.10600051879883,33.25800094604492,33.40800094604492,33.64400100708008,33.94200057983399,33.57700042724609,33.60600051879883,33.535000228881835,33.52700004577637,33.484000015258786,32.98099994659424,32.9795000076294,32.96399993896485,32.97099990844727,32.995499801635745,32.87566649119059,32.808333206176755,32.71633313496908,32.59133313496908,32.45433311462402,30.948666667938234,30.966000016530355,30.992666657765707,31.015833314259847,31.05449997584025,1169100.0,946400.0,995500.0,1274080.0,1429880.0,1518540.0,1439830.0,1569710.0,1694060.0,1812150.0,1713515.0,1676545.0,1688895.0,1776490.0,1882245.0,1765726.6666666667,1836476.6666666667,1949290.0,1988036.6666666667,2003623.3333333333,3110528.3333333335,3079526.6666666665,3064486.6666666665,3077190.0,3056638.3333333335
2021-01-06,33.130001068115234,34.189998626708984,33.130001068115234,33.580001831054695,1553900,1,33.220000457763675,33.432000732421876,33.03350009918213,33.033333206176756,31.029500007629395,1405900.0,1339990.0,1717375.0,1778853.3333333333,2837368.3333333335,33.049999237060554,33.209999084472656,33.400001525878906,32.860000610351555,32.68000030517578,33.04000015258789,33.10600051879883,33.25800094604492,33.40800094604492,33.64400100708008,33.49100036621094,33.57700042724609,33.60600051879883,33.535000228881835,33.52700004577637,32.97999992370605,32.98099994659424,32.9795000076294,32.96399993896485,32.97099990844727,32.95333315531413,32.87566649119059,32.808333206176755,32.71633313496908,32.59133313496908,30.941166655222574,30.948666667938234,30.966000016530355,30.992666657765707,31.015833314259847,1354460.0,1169100.0,946400.0,995500.0,1274080.0,1392170.0,1518540.0,1439830.0,1569710.0,1694060.0,1757350.0,1713515.0,1676545.0,1688895.0,1776490.0,1792276.6666666667,1765726.6666666667,1836476.6666666667,1949290.0,1988036.6666666667,3144558.3333333335,3110528.3333333335,3079526.6666666665,3064486.6666666665,3077190.0
2021-01-07,33.84999847412109,35.220001220703125,33.610000610351555,34.220001220703125,2504600,1,33.492000579833984,33.45000076293945,33.144500160217284,33.113999938964845,31.135666688283283,1824840.0,1410170.0,1771400.0,1808240.0,2770240.0,33.580001831054695,33.049999237060554,33.209999084472656,33.400001525878906,32.860000610351555,33.220000457763675,33.04000015258789,33.10600051879883,33.25800094604492,33.40800094604492,33.432000732421876,33.49100036621094,33.57700042724609,33.60600051879883,33.535000228881835,33.03350009918213,32.97999992370605,32.98099994659424,32.9795000076294,32.96399993896485,33.033333206176756,32.95333315531413,32.87566649119059,32.808333206176755,32.71633313496908,31.029500007629395,30.941166655222574,30.948666667938234,30.966000016530355,30.992666657765707,1405900.0,1354460.0,1169100.0,946400.0,995500.0,1339990.0,1392170.0,1518540.0,1439830.0,1569710.0,1717375.0,1757350.0,1713515.0,1676545.0,1688895.0,1778853.3333333333,1792276.6666666667,1765726.6666666667,1836476.6666666667,1949290.0,2837368.3333333335,3144558.3333333335,3110528.3333333335,3079526.6666666665,3064486.6666666665
2021-01-08,34.18000030517578,35.084999084472656,34.060001373291016,34.81999969482422,1441100,0,33.77600021362305,33.51700057983398,33.28750019073486,33.18266665140788,31.27000001271566,1924100.0,1435250.0,1702530.0,1794353.3333333333,2711970.0,34.220001220703125,33.580001831054695,33.049999237060554,33.209999084472656,33.400001525878906,33.492000579833984,33.220000457763675,33.04000015258789,33.10600051879883,33.25800094604492,33.45000076293945,33.432000732421876,33.49100036621094,33.57700042724609,33.60600051879883,33.144500160217284,33.03350009918213,32.97999992370605,32.98099994659424,32.9795000076294,33.113999938964845,33.033333206176756,32.95333315531413,32.87566649119059,32.808333206176755,31.135666688283283,31.029500007629395,30.941166655222574,30.948666667938234,30.966000016530355,1824840.0,1405900.0,1354460.0,1169100.0,946400.0,1410170.0,1339990.0,1392170.0,1518540.0,1439830.0,1771400.0,1717375.0,1757350.0,1713515.0,1676545.0,1808240.0,1778853.3333333333,1792276.6666666667,1765726.6666666667,1836476.6666666667,2770240.0,2837368.3333333335,3144558.3333333335,3110528.3333333335,3079526.6666666665
2021-01-11,34.389999389648445,34.950000762939446,34.34000015258789,34.740001678466804,759900,0,34.082000732421875,33.59400062561035,33.429000282287596,33.21866671244303,31.382166703542072,1698860.0,1433980.0,1659805.0,1709570.0,2591431.6666666665,34.81999969482422,34.220001220703125,33.580001831054695,33.049999237060554,33.209999084472656,33.77600021362305,33.492000579833984,33.220000457763675,33.04000015258789,33.10600051879883,33.51700057983398,33.45000076293945,33.432000732421876,33.49100036621094,33.57700042724609,33.28750019073486,33.144500160217284,33.03350009918213,32.97999992370605,32.98099994659424,33.18266665140788,33.113999938964845,33.033333206176756,32.95333315531413,32.87566649119059,31.27000001271566,31.135666688283283,31.029500007629395,30.941166655222574,30.948666667938234,1924100.0,1824840.0,1405900.0,1354460.0,1169100.0,1435250.0,1410170.0,1339990.0,1392170.0,1518540.0,1702530.0,1771400.0,1717375.0,1757350.0,1713515.0,1794353.3333333333,1808240.0,1778853.3333333333,1792276.6666666667,1765726.6666666667,2711970.0,2770240.0,2837368.3333333335,3144558.3333333335,3110528.3333333335
2021-01-12,34.549999237060554,34.86999893188477,33.72999954223633,33.990001678466804,1183100,1,34.27000122070312,33.65500068664551,33.56950035095215,33.21533342997233,31.48616673151652,1488520.0,1421490.0,1616820.0,1728660.0,2491240.0,34.740001678466804,34.81999969482422,34.220001220703125,33.580001831054695,33.049999237060554,34.082000732421875,33.77600021362305,33.492000579833984,33.220000457763675,33.04000015258789,33.59400062561035,33.51700057983398,33.45000076293945,33.432000732421876,33.49100036621094,33.429000282287596,33.28750019073486,33.144500160217284,33.03350009918213,32.97999992370605,33.21866671244303,33.18266665140788,33.113999938964845,33.033333206176756,32.95333315531413,31.382166703542072,31.27000001271566,31.135666688283283,31.029500007629395,30.941166655222574,1698860.0,1924100.0,1824840.0,1405900.0,1354460.0,1433980.0,1435250.0,1410170.0,1339990.0,1392170.0,1659805.0,1702530.0,1771400.0,1717375.0,1757350.0,1709570.0,1794353.3333333333,1808240.0,1778853.3333333333,1792276.6666666667,2591431.6666666665,2711970.0,2770240.0,2837368.3333333335,3144558.3333333335
2021-01-13,34.279998779296875,35.189998626708984,33.380001068115234,34.389999389648445,5848300,1,34.432000732421876,33.82600059509277,33.67650032043457,33.2560001373291,31.588333384195963,2347400.0,1876650.0,1785355.0,1809876.6666666667,2404795.0,33.990001678466804,34.740001678466804,34.81999969482422,34.220001220703125,33.580001831054695,34.27000122070312,34.082000732421875,33.77600021362305,33.492000579833984,33.220000457763675,33.65500068664551,33.59400062561035,33.51700057983398,33.45000076293945,33.432000732421876,33.56950035095215,33.429000282287596,33.28750019073486,33.144500160217284,33.03350009918213,33.21533342997233,33.21866671244303,33.18266665140788,33.113999938964845,33.033333206176756,31.48616673151652,31.382166703542072,31.27000001271566,31.135666688283283,31.029500007629395,1488520.0,1698860.0,1924100.0,1824840.0,1405900.0,1421490.0,1433980.0,1435250.0,1410170.0,1339990.0,1616820.0,1659805.0,1702530.0,1771400.0,1717375.0,1728660.0,1709570.0,1794353.3333333333,1808240.0,1778853.3333333333,2491240.0,2591431.6666666665,2711970.0,2770240.0,2837368.3333333335
2021-01-14,35.40999984741211,36.2400016784668,35.0,35.900001525878906,20377200,0,34.768000793457034,34.13000068664551,33.83250045776367,33.3526668548584,31.71583340962728,5921920.0,3873380.0,2721545.0,2417056.6666666665,2663536.6666666665,34.389999389648445,33.990001678466804,34.740001678466804,34.81999969482422,34.220001220703125,34.432000732421876,34.27000122070312,34.082000732421875,33.77600021362305,33.492000579833984,33.82600059509277,33.65500068664551,33.59400062561035,33.51700057983398,33.45000076293945,33.67650032043457,33.56950035095215,33.429000282287596,33.28750019073486,33.144500160217284,33.2560001373291,33.21533342997233,33.21866671244303,33.18266665140788,33.113999938964845,31.588333384195963,31.48616673151652,31.382166703542072,31.27000001271566,31.135666688283283,2347400.0,1488520.0,1698860.0,1924100.0,1824840.0,1876650.0,1421490.0,1433980.0,1435250.0,1410170.0,1785355.0,1616820.0,1659805.0,1702530.0,1771400.0,1809876.6666666667,1728660.0,1709570.0,1794353.3333333333,1808240.0,2404795.0,2491240.0,2591431.6666666665,2711970.0,2770240.0
2021-01-15,36.0,36.77000045776367,35.09000015258789,35.09999847412109,13379300,0,34.82400054931641,34.30000038146973,33.953000450134276,33.4196667989095,31.826833375295003,8309560.0,5116830.0,3278330.0,2823306.6666666665,2805378.3333333335,35.900001525878906,34.389999389648445,33.990001678466804,34.740001678466804,34.81999969482422,34.768000793457034,34.432000732421876,34.27000122070312,34.082000732421875,33.77600021362305,34.13000068664551,33.82600059509277,33.65500068664551,33.59400062561035,33.51700057983398,33.83250045776367,33.67650032043457,33.56950035095215,33.429000282287596,33.28750019073486,33.3526668548584,33.2560001373291,33.21533342997233,33.21866671244303,33.18266665140788,31.71583340962728,31.588333384195963,31.48616673151652,31.382166703542072,31.27000001271566,5921920.0,2347400.0,1488520.0,1698860.0,1924100.0,3873380.0,1876650.0,1421490.0,1433980.0,1435250.0,2721545.0,1785355.0,1616820.0,1659805.0,1702530.0,2417056.6666666665,1809876.6666666667,1728660.0,1709570.0,1794353.3333333333,2663536.6666666665,2404795.0,2491240.0,2591431.6666666665,2711970.0
2021-01-19,35.279998779296875,35.630001068115234,33.779998779296875,34.060001373291016,6681400,0,34.68800048828125,34.38500061035156,33.98100051879883,33.44900016784668,31.918666744232176,9493860.0,5596360.0,3557450.0,3007796.6666666665,2852251.6666666665,35.09999847412109,35.900001525878906,34.389999389648445,33.990001678466804,34.740001678466804,34.82400054931641,34.768000793457034,34.432000732421876,34.27000122070312,34.082000732421875,34.30000038146973,34.13000068664551,33.82600059509277,33.65500068664551,33.59400062561035,33.953000450134276,33.83250045776367,33.67650032043457,33.56950035095215,33.429000282287596,33.4196667989095,33.3526668548584,33.2560001373291,33.21533342997233,33.21866671244303,31.826833375295003,31.71583340962728,31.588333384195963,31.48616673151652,31.382166703542072,8309560.0,5921920.0,2347400.0,1488520.0,1698860.0,5116830.0,3873380.0,1876650.0,1421490.0,1433980.0,3278330.0,2721545.0,1785355.0,1616820.0,1659805.0,2823306.6666666665,2417056.6666666665,1809876.6666666667,1728660.0,1709570.0,2805378.3333333335,2663536.6666666665,2404795.0,2491240.0,2591431.6666666665
2021-01-20,34.40999984741211,34.490001678466804,33.139999389648445,34.060001373291016,4216400,0,34.70200042724609,34.48600082397461,33.98850059509277,33.48200022379557,31.988666756947836,10100520.0,5794520.0,3593345.0,3103073.3333333335,2830676.6666666665,34.060001373291016,35.09999847412109,35.900001525878906,34.389999389648445,33.990001678466804,34.68800048828125,34.82400054931641,34.768000793457034,34.432000732421876,34.27000122070312,34.38500061035156,34.30000038146973,34.13000068664551,33.82600059509277,33.65500068664551,33.98100051879883,33.953000450134276,33.83250045776367,33.67650032043457,33.56950035095215,33.44900016784668,33.4196667989095,33.3526668548584,33.2560001373291,33.21533342997233,31.918666744232176,31.826833375295003,31.71583340962728,31.588333384195963,31.48616673151652,9493860.0,8309560.0,5921920.0,2347400.0,1488520.0,5596360.0,5116830.0,3873380.0,1876650.0,1421490.0,3557450.0,3278330.0,2721545.0,1785355.0,1616820.0,3007796.6666666665,2823306.6666666665,2417056.6666666665,1809876.6666666667,1728660.0,2852251.6666666665,2805378.3333333335,2663536.6666666665,2404795.0,2491240.0
2021-01-21,34.22999954223633,34.650001525878906,33.529998779296875,33.919998168945305,3290400,0,34.60800018310547,34.52000045776367,33.97600059509277,33.52900021870931,32.049166711171466,9588940.0,5968170.0,3654080.0,3134306.6666666665,2790485.0,34.060001373291016,34.060001373291016,35.09999847412109,35.900001525878906,34.389999389648445,34.70200042724609,34.68800048828125,34.82400054931641,34.768000793457034,34.432000732421876,34.48600082397461,34.38500061035156,34.30000038146973,34.13000068664551,33.82600059509277,33.98850059509277,33.98100051879883,33.953000450134276,33.83250045776367,33.67650032043457,33.48200022379557,33.44900016784668,33.4196667989095,33.3526668548584,33.2560001373291,31.988666756947836,31.918666744232176,31.826833375295003,31.71583340962728,31.588333384195963,10100520.0,9493860.0,8309560.0,5921920.0,2347400.0,5794520.0,5596360.0,5116830.0,3873380.0,1876650.0,3593345.0,3557450.0,3278330.0,2721545.0,1785355.0,3103073.3333333335,3007796.6666666665,2823306.6666666665,2417056.6666666665,1809876.6666666667,2830676.6666666665,2852251.6666666665,2805378.3333333335,2663536.6666666665,2404795.0
2021-01-22,33.81999969482422,34.52000045776367,33.259998321533196,33.810001373291016,2514800,1,34.19000015258789,34.47900047302246,33.96450061798096,33.589333597819014,32.12116673787435,6016460.0,5969190.0,3689680.0,3170663.3333333335,2755828.3333333335,33.919998168945305,34.060001373291016,34.060001373291016,35.09999847412109,35.900001525878906,34.60800018310547,34.70200042724609,34.68800048828125,34.82400054931641,34.768000793457034,34.52000045776367,34.48600082397461,34.38500061035156,34.30000038146973,34.13000068664551,33.97600059509277,33.98850059509277,33.98100051879883,33.953000450134276,33.83250045776367,33.52900021870931,33.48200022379557,33.44900016784668,33.4196667989095,33.3526668548584,32.049166711171466,31.988666756947836,31.918666744232176,31.826833375295003,31.71583340962728,9588940.0,10100520.0,9493860.0,8309560.0,5921920.0,5968170.0,5794520.0,5596360.0,5116830.0,3873380.0,3654080.0,3593345.0,3557450.0,3278330.0,2721545.0,3134306.6666666665,3103073.3333333335,3007796.6666666665,2823306.6666666665,2417056.6666666665,2790485.0,2830676.6666666665,2852251.6666666665,2805378.3333333335,2663536.6666666665
2021-01-25,33.970001220703125,34.259998321533196,33.360000610351555,34.259998321533196,1662200,0,34.02200012207031,34.42300033569336,33.970000457763675,33.66600023905436,32.21450004577637,3673040.0,5991300.0,3713275.0,3132120.0,2731130.0,33.810001373291016,33.919998168945305,34.060001373291016,34.060001373291016,35.09999847412109,34.19000015258789,34.60800018310547,34.70200042724609,34.68800048828125,34.82400054931641,34.47900047302246,34.52000045776367,34.48600082397461,34.38500061035156,34.30000038146973,33.96450061798096,33.97600059509277,33.98850059509277,33.98100051879883,33.953000450134276,33.589333597819014,33.52900021870931,33.48200022379557,33.44900016784668,33.4196667989095,32.12116673787435,32.049166711171466,31.988666756947836,31.918666744232176,31.826833375295003,6016460.0,9588940.0,10100520.0,9493860.0,8309560.0,5969190.0,5968170.0,5794520.0,5596360.0,5116830.0,3689680.0,3654080.0,3593345.0,3557450.0,3278330.0,3170663.3333333335,3134306.6666666665,3103073.3333333335,3007796.6666666665,2823306.6666666665,2755828.3333333335,2790485.0,2830676.6666666665,2852251.6666666665,2805378.3333333335
2021-01-26,34.25,34.61999893188477,33.84000015258789,34.080001831054695,1644700,0,34.02600021362305,34.35700035095215,33.97550048828125,33.73833363850911,32.31150007247925,2665700.0,6079780.0,3756880.0,3133130.0,2701908.3333333335,34.259998321533196,33.810001373291016,33.919998168945305,34.060001373291016,34.060001373291016,34.02200012207031,34.19000015258789,34.60800018310547,34.70200042724609,34.68800048828125,34.42300033569336,34.47900047302246,34.52000045776367,34.48600082397461,34.38500061035156,33.970000457763675,33.96450061798096,33.97600059509277,33.98850059509277,33.98100051879883,33.66600023905436,33.589333597819014,33.52900021870931,33.48200022379557,33.44900016784668,32.21450004577637,32.12116673787435,32.049166711171466,31.988666756947836,31.918666744232176,3673040.0,6016460.0,9588940.0,10100520.0,9493860.0,5991300.0,5969190.0,5968170.0,5794520.0,5596360.0,3713275.0,3689680.0,3654080.0,3593345.0,3557450.0,3132120.0,3170663.3333333335,3134306.6666666665,3103073.3333333335,3007796.6666666665,2731130.0,2755828.3333333335,2790485.0,2830676.6666666665,2852251.6666666665
2021-01-27,33.220001220703125,33.360000610351555,31.57999992370605,32.360000610351555,4447500,1,33.68600006103516,34.194000244140625,33.924500465393066,33.77766698201497,32.37950007120768,2711920.0,6406220.0,3913855.0,3213286.6666666665,2720690.0,34.080001831054695,34.259998321533196,33.810001373291016,33.919998168945305,34.060001373291016,34.02600021362305,34.02200012207031,34.19000015258789,34.60800018310547,34.70200042724609,34.35700035095215,34.42300033569336,34.47900047302246,34.52000045776367,34.48600082397461,33.97550048828125,33.970000457763675,33.96450061798096,33.97600059509277,33.98850059509277,33.73833363850911,33.66600023905436,33.589333597819014,33.52900021870931,33.48200022379557,32.31150007247925,32.21450004577637,32.12116673787435,32.049166711171466,31.988666756947836,2665700.0,3673040.0,6016460.0,9588940.0,10100520.0,6079780.0,5991300.0,5969190.0,5968170.0,5794520.0,3756880.0,3713275.0,3689680.0,3654080.0,3593345.0,3133130.0,3132120.0,3170663.3333333335,3134306.6666666665,3103073.3333333335,2701908.3333333335,2731130.0,2755828.3333333335,2790485.0,2830676.6666666665
2021-01-28,32.61999893188477,33.81999969482422,31.82999992370605,32.790000915527344,2711000,0,33.460000610351564,34.034000396728516,33.93000049591065,33.795667012532554,32.44700009028117,2596040.0,6092490.0,3984570.0,3221066.6666666665,2716735.0,32.360000610351555,34.080001831054695,34.259998321533196,33.810001373291016,33.919998168945305,33.68600006103516,34.02600021362305,34.02200012207031,34.19000015258789,34.60800018310547,34.194000244140625,34.35700035095215,34.42300033569336,34.47900047302246,34.52000045776367,33.924500465393066,33.97550048828125,33.970000457763675,33.96450061798096,33.97600059509277,33.77766698201497,33.73833363850911,33.66600023905436,33.589333597819014,33.52900021870931,32.37950007120768,32.31150007247925,32.21450004577637,32.12116673787435,32.049166711171466,2711920.0,2665700.0,3673040.0,6016460.0,9588940.0,6406220.0,6079780.0,5991300.0,5969190.0,5968170.0,3913855.0,3756880.0,3713275.0,3689680.0,3654080.0,3213286.6666666665,3133130.0,3132120.0,3170663.3333333335,3134306.6666666665,2720690.0,2701908.3333333335,2731130.0,2755828.3333333335,2790485.0
2021-01-29,32.790000915527344,33.110000610351555,32.084999084472656,32.43000030517578,2152200,1,33.184000396728514,33.6870002746582,33.90850048065185,33.784000396728516,32.48816677729289,2523520.0,4269990.0,4071685.0,3237693.3333333335,2714216.6666666665,32.790000915527344,32.360000610351555,34.080001831054695,34.259998321533196,33.810001373291016,33.460000610351564,33.68600006103516,34.02600021362305,34.02200012207031,34.19000015258789,34.034000396728516,34.194000244140625,34.35700035095215,34.42300033569336,34.47900047302246,33.93000049591065,33.924500465393066,33.97550048828125,33.970000457763675,33.96450061798096,33.795667012532554,33.77766698201497,33.73833363850911,33.66600023905436,33.589333597819014,32.44700009028117,32.37950007120768,32.31150007247925,32.21450004577637,32.12116673787435,2596040.0,2711920.0,2665700.0,3673040.0,6016460.0,6092490.0,6406220.0,6079780.0,5991300.0,5969190.0,3984570.0,3913855.0,3756880.0,3713275.0,3689680.0,3221066.6666666665,3213286.6666666665,3133130.0,3132120.0,3170663.3333333335,2716735.0,2720690.0,2701908.3333333335,2731130.0,2755828.3333333335
2021-02-01,33.029998779296875,33.46500015258789,31.95000076293945,33.049999237060554,3129000,1,32.94200057983399,33.48200035095215,33.89100036621094,33.796000417073564,32.54216677347819,2816880.0,3244960.0,4180895.0,3267206.6666666665,2741058.3333333335,32.43000030517578,32.790000915527344,32.360000610351555,34.080001831054695,34.259998321533196,33.184000396728514,33.460000610351564,33.68600006103516,34.02600021362305,34.02200012207031,33.6870002746582,34.034000396728516,34.194000244140625,34.35700035095215,34.42300033569336,33.90850048065185,33.93000049591065,33.924500465393066,33.97550048828125,33.970000457763675,33.784000396728516,33.795667012532554,33.77766698201497,33.73833363850911,33.66600023905436,32.48816677729289,32.44700009028117,32.37950007120768,32.31150007247925,32.21450004577637,2523520.0,2596040.0,2711920.0,2665700.0,3673040.0,4269990.0,6092490.0,6406220.0,6079780.0,5991300.0,4071685.0,3984570.0,3913855.0,3756880.0,3713275.0,3237693.3333333335,3221066.6666666665,3213286.6666666665,3133130.0,3132120.0,2714216.6666666665,2716735.0,2720690.0,2701908.3333333335,2731130.0
2021-02-02,33.310001373291016,34.439998626708984,33.134998321533196,33.86999893188477,1464400,0,32.9,33.46300010681152,33.924000358581544,33.80833371480306,32.615000089009605,2780820.0,2723260.0,4159810.0,3279386.6666666665,2727006.6666666665,33.049999237060554,32.43000030517578,32.790000915527344,32.360000610351555,34.080001831054695,32.94200057983399,33.184000396728514,33.460000610351564,33.68600006103516,34.02600021362305,33.48200035095215,33.6870002746582,34.034000396728516,34.194000244140625,34.35700035095215,33.89100036621094,33.90850048065185,33.93000049591065,33.924500465393066,33.97550048828125,33.796000417073564,33.784000396728516,33.795667012532554,33.77766698201497,33.73833363850911,32.54216677347819,32.48816677729289,32.44700009028117,32.37950007120768,32.31150007247925,2816880.0,2523520.0,2596040.0,2711920.0,2665700.0,3244960.0,4269990.0,6092490.0,6406220.0,6079780.0,4180895.0,4071685.0,3984570.0,3913855.0,3756880.0,3267206.6666666665,3237693.3333333335,3221066.6666666665,3213286.6666666665,3133130.0,2741058.3333333335,2714216.6666666665,2716735.0,2720690.0,2701908.3333333335
2021-02-03,34.11999893188477,34.740001678466804,33.650001525878906,33.689998626708984,2521900,1,33.16599960327149,33.42599983215332,33.956000328063965,33.80100034077962,32.68733339309692,2395700.0,2553810.0,4174165.0,3246833.3333333335,2730186.6666666665,33.86999893188477,33.049999237060554,32.43000030517578,32.790000915527344,32.360000610351555,32.9,32.94200057983399,33.184000396728514,33.460000610351564,33.68600006103516,33.46300010681152,33.48200035095215,33.6870002746582,34.034000396728516,34.194000244140625,33.924000358581544,33.89100036621094,33.90850048065185,33.93000049591065,33.924500465393066,33.80833371480306,33.796000417073564,33.784000396728516,33.795667012532554,33.77766698201497,32.615000089009605,32.54216677347819,32.48816677729289,32.44700009028117,32.37950007120768,2780820.0,2816880.0,2523520.0,2596040.0,2711920.0,2723260.0,3244960.0,4269990.0,6092490.0,6406220.0,4159810.0,4180895.0,4071685.0,3984570.0,3913855.0,3279386.6666666665,3267206.6666666665,3237693.3333333335,3221066.6666666665,3213286.6666666665,2727006.6666666665,2741058.3333333335,2714216.6666666665,2716735.0,2720690.0
2021-02-04,33.77000045776367,34.419998168945305,33.580001831054695,34.22999954223633,954500,1,33.45399932861328,33.456999969482425,33.98850021362305,33.803000386555986,32.77550004323324,2044400.0,2320220.0,4144195.0,3209460.0,2707841.6666666665,33.689998626708984,33.86999893188477,33.049999237060554,32.43000030517578,32.790000915527344,33.16599960327149,32.9,32.94200057983399,33.184000396728514,33.460000610351564,33.42599983215332,33.46300010681152,33.48200035095215,33.6870002746582,34.034000396728516,33.956000328063965,33.924000358581544,33.89100036621094,33.90850048065185,33.93000049591065,33.80100034077962,33.80833371480306,33.796000417073564,33.784000396728516,33.795667012532554,32.68733339309692,32.615000089009605,32.54216677347819,32.48816677729289,32.44700009028117,2395700.0,2780820.0,2816880.0,2523520.0,2596040.0,2553810.0,2723260.0,3244960.0,4269990.0,6092490.0,4174165.0,4159810.0,4180895.0,4071685.0,3984570.0,3246833.3333333335,3279386.6666666665,3267206.6666666665,3237693.3333333335,3221066.6666666665,2730186.6666666665,2727006.6666666665,2741058.3333333335,2714216.6666666665,2716735.0
2021-02-05,34.490001678466804,34.72499847412109,34.15999984741211,34.34999847412109,1675900,1,33.837998962402345,33.51099967956543,33.99500007629395,33.813333638509114,32.87233333587646,1949140.0,2236330.0,4102760.0,3205230.0,2684785.0,34.22999954223633,33.689998626708984,33.86999893188477,33.049999237060554,32.43000030517578,33.45399932861328,33.16599960327149,32.9,32.94200057983399,33.184000396728514,33.456999969482425,33.42599983215332,33.46300010681152,33.48200035095215,33.6870002746582,33.98850021362305,33.956000328063965,33.924000358581544,33.89100036621094,33.90850048065185,33.803000386555986,33.80100034077962,33.80833371480306,33.796000417073564,33.784000396728516,32.77550004323324,32.68733339309692,32.615000089009605,32.54216677347819,32.48816677729289,2044400.0,2395700.0,2780820.0,2816880.0,2523520.0,2320220.0,2553810.0,2723260.0,3244960.0,4269990.0,4144195.0,4174165.0,4159810.0,4180895.0,4071685.0,3209460.0,3246833.3333333335,3279386.6666666665,3267206.6666666665,3237693.3333333335,2707841.6666666665,2730186.6666666665,2727006.6666666665,2741058.3333333335,2714216.6666666665
2021-02-08,34.34000015258789,34.959999084472656,34.049999237060554,34.700000762939446,2770417,0,34.167999267578125,33.554999923706056,33.989000129699704,33.83166694641113,32.97966667811076,1877423.4,2347151.7,4169225.85,3257900.566666667,2678816.95,34.34999847412109,34.22999954223633,33.689998626708984,33.86999893188477,33.049999237060554,33.837998962402345,33.45399932861328,33.16599960327149,32.9,32.94200057983399,33.51099967956543,33.456999969482425,33.42599983215332,33.46300010681152,33.48200035095215,33.99500007629395,33.98850021362305,33.956000328063965,33.924000358581544,33.89100036621094,33.813333638509114,33.803000386555986,33.80100034077962,33.80833371480306,33.796000417073564,32.87233333587646,32.77550004323324,32.68733339309692,32.615000089009605,32.54216677347819,1949140.0,2044400.0,2395700.0,2780820.0,2816880.0,2236330.0,2320220.0,2553810.0,2723260.0,3244960.0,4102760.0,4144195.0,4174165.0,4159810.0,4180895.0,3205230.0,3209460.0,3246833.3333333335,3279386.6666666665,3267206.6666666665,2684785.0,2707841.6666666665,2730186.6666666665,2727006.6666666665,2741058.3333333335
